timestamp,open,high,low,close,volume,oi
2026-05-04 09:15:00+05:30,202.4,203.37,201.33,201.58,722878,0
2026-05-04 09:20:00+05:30,201.53,202.03,201.5,201.99,236009,0
2026-05-04 09:25:00+05:30,201.99,202.02,201.58,201.9,188658,0
2026-05-04 09:30:00+05:30,201.9,202.02,201.4,201.87,191142,0
2026-05-04 09:35:00+05:30,201.94,202.4,201.76,201.88,165542,0
2026-05-04 09:40:00+05:30,201.98,202.0,201.71,201.93,86706,0
2026-05-04 09:45:00+05:30,201.92,201.99,201.7,201.8,89558,0
2026-05-04 09:50:00+05:30,201.8,201.99,201.64,201.85,92495,0
2026-05-04 09:55:00+05:30,201.85,201.85,201.6,201.67,119415,0
2026-05-04 10:00:00+05:30,201.75,201.8,201.5,201.75,133945,0
2026-05-04 10:05:00+05:30,201.69,201.85,201.55,201.71,69957,0
2026-05-04 10:10:00+05:30,201.71,201.73,201.04,201.24,183003,0
2026-05-04 10:15:00+05:30,201.24,201.39,201.12,201.28,79293,0
2026-05-04 10:20:00+05:30,201.23,201.25,200.7,200.75,348215,0
2026-05-04 10:25:00+05:30,200.75,201.0,200.51,201.0,161827,0
2026-05-04 10:30:00+05:30,201.0,201.32,200.94,201.08,88597,0
2026-05-04 10:35:00+05:30,201.08,201.31,201.06,201.3,59579,0
2026-05-04 10:40:00+05:30,201.3,201.35,201.15,201.33,38237,0
2026-05-04 10:45:00+05:30,201.34,201.48,201.2,201.45,52221,0
2026-05-04 10:50:00+05:30,201.45,201.5,201.23,201.35,57426,0
2026-05-04 10:55:00+05:30,201.33,201.35,201.11,201.21,54647,0
2026-05-04 11:00:00+05:30,201.2,201.4,201.11,201.36,50420,0
2026-05-04 11:05:00+05:30,201.35,201.45,201.2,201.32,44421,0
2026-05-04 11:10:00+05:30,201.3,201.6,201.23,201.56,70411,0
2026-05-04 11:15:00+05:30,201.56,201.64,201.31,201.38,55280,0
2026-05-04 11:20:00+05:30,201.38,201.45,201.3,201.3,57089,0
2026-05-04 11:25:00+05:30,201.4,201.49,201.21,201.31,82785,0
2026-05-04 11:30:00+05:30,201.35,201.39,201.16,201.25,43530,0
2026-05-04 11:35:00+05:30,201.33,201.33,201.05,201.12,54077,0
2026-05-04 11:40:00+05:30,201.2,201.26,201.11,201.21,37374,0
2026-05-04 11:45:00+05:30,201.22,201.32,201.11,201.32,29729,0
2026-05-04 11:50:00+05:30,201.31,201.44,201.2,201.28,82750,0
2026-05-04 11:55:00+05:30,201.28,201.35,201.08,201.26,46602,0
2026-05-04 12:00:00+05:30,201.26,201.34,201.02,201.2,60445,0
2026-05-04 12:05:00+05:30,201.15,201.2,200.8,200.95,181857,0
2026-05-04 12:10:00+05:30,200.87,200.97,200.61,200.7,137450,0
2026-05-04 12:15:00+05:30,200.7,200.94,200.56,200.89,117829,0
2026-05-04 12:20:00+05:30,200.89,200.94,200.6,200.67,93124,0
2026-05-04 12:25:00+05:30,200.67,200.86,200.65,200.8,53709,0
2026-05-04 12:30:00+05:30,200.83,200.87,200.67,200.85,47042,0
2026-05-04 12:35:00+05:30,200.82,200.94,200.72,200.72,38949,0
2026-05-04 12:40:00+05:30,200.72,200.8,200.62,200.66,59755,0
2026-05-04 12:45:00+05:30,200.66,200.71,200.56,200.64,73001,0
2026-05-04 12:50:00+05:30,200.64,200.79,200.55,200.79,57069,0
2026-05-04 12:55:00+05:30,200.79,200.8,200.57,200.62,52309,0
2026-05-04 13:00:00+05:30,200.62,200.66,200.56,200.6,42817,0
2026-05-04 13:05:00+05:30,200.61,200.7,200.57,200.69,52035,0
2026-05-04 13:10:00+05:30,200.65,200.7,200.55,200.58,58270,0
2026-05-04 13:15:00+05:30,200.58,200.67,200.52,200.6,62713,0
2026-05-04 13:20:00+05:30,200.6,200.6,200.3,200.45,201033,0
2026-05-04 13:25:00+05:30,200.4,200.52,200.16,200.2,106021,0
2026-05-04 13:30:00+05:30,200.19,200.39,200.1,200.24,109695,0
2026-05-04 13:35:00+05:30,200.23,200.3,200.06,200.3,117696,0
2026-05-04 13:40:00+05:30,200.3,200.49,200.25,200.43,57748,0
2026-05-04 13:45:00+05:30,200.43,200.49,200.3,200.43,89656,0
2026-05-04 13:50:00+05:30,200.35,200.6,200.35,200.49,56613,0
2026-05-04 13:55:00+05:30,200.49,200.5,200.14,200.35,133181,0
2026-05-04 14:00:00+05:30,200.33,200.5,200.22,200.5,59916,0
2026-05-04 14:05:00+05:30,200.5,200.58,200.4,200.58,94762,0
2026-05-04 14:10:00+05:30,200.58,201.1,200.58,200.96,105657,0
2026-05-04 14:15:00+05:30,200.96,201.19,200.87,200.97,116079,0
2026-05-04 14:20:00+05:30,201.0,201.08,200.72,200.81,100581,0
2026-05-04 14:25:00+05:30,200.81,200.93,200.67,200.72,51128,0
2026-05-04 14:30:00+05:30,200.75,200.88,200.71,200.76,57412,0
2026-05-04 14:35:00+05:30,200.82,200.93,200.75,200.75,66698,0
2026-05-04 14:40:00+05:30,200.83,200.94,200.69,200.9,120034,0
2026-05-04 14:45:00+05:30,200.9,200.9,200.5,200.55,109078,0
2026-05-04 14:50:00+05:30,200.63,200.66,200.25,200.66,159438,0
2026-05-04 14:55:00+05:30,200.64,200.79,200.41,200.72,97082,0
2026-05-04 15:00:00+05:30,200.73,200.92,200.53,200.58,280489,0
2026-05-04 15:05:00+05:30,200.66,200.8,200.6,200.64,151604,0
2026-05-04 15:10:00+05:30,200.69,201.05,200.66,200.84,252187,0
2026-05-04 15:15:00+05:30,200.84,200.84,200.52,200.65,150708,0
2026-05-04 15:20:00+05:30,200.67,200.8,200.57,200.6,269596,0
2026-05-04 15:25:00+05:30,200.63,200.95,200.6,200.91,260507,0
2026-05-05 09:15:00+05:30,200.0,202.14,199.95,201.68,525558,0
2026-05-05 09:20:00+05:30,201.75,202.3,201.1,201.17,283661,0
2026-05-05 09:25:00+05:30,201.18,201.38,201.02,201.17,140050,0
2026-05-05 09:30:00+05:30,201.19,201.42,201.01,201.06,72514,0
2026-05-05 09:35:00+05:30,201.02,201.07,200.55,200.69,187929,0
2026-05-05 09:40:00+05:30,200.63,200.79,200.45,200.55,111066,0
2026-05-05 09:45:00+05:30,200.58,201.22,200.51,201.0,87191,0
2026-05-05 09:50:00+05:30,201.0,201.36,200.9,201.16,71596,0
2026-05-05 09:55:00+05:30,201.24,201.3,200.8,201.05,70906,0
2026-05-05 10:00:00+05:30,201.05,201.15,200.7,200.96,56896,0
2026-05-05 10:05:00+05:30,200.96,201.19,200.8,200.87,79085,0
2026-05-05 10:10:00+05:30,200.87,200.98,200.7,200.82,69049,0
2026-05-05 10:15:00+05:30,200.89,200.9,200.55,200.74,102712,0
2026-05-05 10:20:00+05:30,200.75,200.86,200.52,200.69,111011,0
2026-05-05 10:25:00+05:30,200.78,200.8,200.5,200.7,73896,0
2026-05-05 10:30:00+05:30,200.7,200.84,200.62,200.78,34862,0
2026-05-05 10:35:00+05:30,200.7,200.8,200.59,200.7,38077,0
2026-05-05 10:40:00+05:30,200.67,200.8,200.55,200.67,69190,0
2026-05-05 10:45:00+05:30,200.67,200.69,200.32,200.59,147912,0
2026-05-05 10:50:00+05:30,200.59,200.6,200.51,200.58,21020,0
2026-05-05 10:55:00+05:30,200.58,200.7,200.41,200.7,87085,0
2026-05-05 11:00:00+05:30,200.7,200.87,200.51,200.66,96689,0
2026-05-05 11:05:00+05:30,200.65,200.74,200.41,200.45,126920,0
2026-05-05 11:10:00+05:30,200.45,200.62,200.37,200.41,106142,0
2026-05-05 11:15:00+05:30,200.49,200.65,200.4,200.45,46230,0
2026-05-05 11:20:00+05:30,200.45,200.45,200.2,200.24,152433,0
2026-05-05 11:25:00+05:30,200.24,200.27,200.1,200.12,111991,0
2026-05-05 11:30:00+05:30,200.19,200.26,200.1,200.18,118841,0
2026-05-05 11:35:00+05:30,200.18,200.22,200.05,200.2,146705,0
2026-05-05 11:40:00+05:30,200.2,200.22,199.9,199.92,487364,0
2026-05-05 11:45:00+05:30,199.92,199.92,199.7,199.85,184687,0
2026-05-05 11:50:00+05:30,199.85,200.0,199.8,199.9,105656,0
2026-05-05 11:55:00+05:30,199.93,199.93,199.81,199.93,65308,0
2026-05-05 12:00:00+05:30,199.93,199.94,199.8,199.89,86082,0
2026-05-05 12:05:00+05:30,199.89,200.03,199.81,199.95,86210,0
2026-05-05 12:10:00+05:30,199.97,200.05,199.83,200.04,64434,0
2026-05-05 12:15:00+05:30,200.03,200.15,199.99,200.14,56044,0
2026-05-05 12:20:00+05:30,200.14,200.23,199.93,199.93,97125,0
2026-05-05 12:25:00+05:30,200.0,200.01,199.8,199.95,68170,0
2026-05-05 12:30:00+05:30,199.95,200.03,199.82,199.95,49803,0
2026-05-05 12:35:00+05:30,199.95,200.07,199.9,200.05,53293,0
2026-05-05 12:40:00+05:30,200.05,200.18,199.94,199.94,80573,0
2026-05-05 12:45:00+05:30,199.97,199.97,199.8,199.93,69932,0
2026-05-05 12:50:00+05:30,199.93,200.09,199.88,200.0,61138,0
2026-05-05 12:55:00+05:30,200.0,200.15,199.96,200.12,32038,0
2026-05-05 13:00:00+05:30,200.12,200.17,200.0,200.04,72219,0
2026-05-05 13:05:00+05:30,200.04,200.22,199.96,200.1,98020,0
2026-05-05 13:10:00+05:30,200.18,200.2,200.02,200.1,52525,0
2026-05-05 13:15:00+05:30,200.07,200.19,200.01,200.15,71528,0
2026-05-05 13:20:00+05:30,200.18,200.2,200.05,200.1,68361,0
2026-05-05 13:25:00+05:30,200.1,200.1,199.9,199.99,102003,0
2026-05-05 13:30:00+05:30,199.99,200.1,199.92,200.07,40069,0
2026-05-05 13:35:00+05:30,200.07,200.19,199.95,200.0,61179,0
2026-05-05 13:40:00+05:30,200.0,200.19,199.96,200.15,29525,0
2026-05-05 13:45:00+05:30,200.16,200.2,200.1,200.15,45601,0
2026-05-05 13:50:00+05:30,200.15,200.19,200.01,200.01,66278,0
2026-05-05 13:55:00+05:30,200.05,200.1,199.9,199.9,111140,0
2026-05-05 14:00:00+05:30,199.97,200.06,199.9,199.98,61452,0
2026-05-05 14:05:00+05:30,199.98,200.04,199.9,199.96,76331,0
2026-05-05 14:10:00+05:30,199.96,199.99,199.8,199.96,96287,0
2026-05-05 14:15:00+05:30,199.96,200.05,199.91,200.04,44950,0
2026-05-05 14:20:00+05:30,200.04,200.09,199.96,200.0,41815,0
2026-05-05 14:25:00+05:30,199.96,200.15,199.9,200.15,74775,0
2026-05-05 14:30:00+05:30,200.15,200.16,200.0,200.02,63345,0
2026-05-05 14:35:00+05:30,200.01,200.09,199.9,199.97,83700,0
2026-05-05 14:40:00+05:30,199.98,200.14,199.93,200.03,101168,0
2026-05-05 14:45:00+05:30,200.03,200.05,199.81,199.95,152783,0
2026-05-05 14:50:00+05:30,199.94,199.95,199.61,199.72,291423,0
2026-05-05 14:55:00+05:30,199.72,199.77,199.61,199.68,116417,0
2026-05-05 15:00:00+05:30,199.68,199.75,199.6,199.63,260867,0
2026-05-05 15:05:00+05:30,199.63,199.87,199.6,199.81,230464,0
2026-05-05 15:10:00+05:30,199.8,199.9,199.7,199.86,247245,0
2026-05-05 15:15:00+05:30,199.87,199.97,199.7,199.81,324461,0
2026-05-05 15:20:00+05:30,199.81,199.88,199.65,199.86,362940,0
2026-05-05 15:25:00+05:30,199.86,200.17,199.7,200.08,431562,0
2026-05-06 09:15:00+05:30,200.51,201.13,200.07,200.37,838184,0
2026-05-06 09:20:00+05:30,200.37,200.73,200.26,200.65,150291,0
2026-05-06 09:25:00+05:30,200.68,200.89,200.59,200.86,157741,0
2026-05-06 09:30:00+05:30,200.86,201.06,200.5,200.63,211779,0
2026-05-06 09:35:00+05:30,200.63,200.75,200.32,200.45,145492,0
2026-05-06 09:40:00+05:30,200.45,200.45,200.07,200.15,132745,0
2026-05-06 09:45:00+05:30,200.15,200.38,200.02,200.11,185878,0
2026-05-06 09:50:00+05:30,200.14,200.34,200.11,200.2,71558,0
2026-05-06 09:55:00+05:30,200.25,200.46,200.11,200.2,78728,0
2026-05-06 10:00:00+05:30,200.2,200.25,200.0,200.03,176115,0
2026-05-06 10:05:00+05:30,200.06,200.18,199.9,200.09,260630,0
2026-05-06 10:10:00+05:30,200.09,200.33,200.01,200.29,96880,0
2026-05-06 10:15:00+05:30,200.29,200.34,200.04,200.05,83065,0
2026-05-06 10:20:00+05:30,200.05,200.19,199.95,200.13,151202,0
2026-05-06 10:25:00+05:30,200.13,200.21,199.9,200.0,120135,0
2026-05-06 10:30:00+05:30,200.0,200.0,199.62,199.7,188419,0
2026-05-06 10:35:00+05:30,199.7,199.8,199.61,199.69,103553,0
2026-05-06 10:40:00+05:30,199.69,199.98,199.66,199.93,73839,0
2026-05-06 10:45:00+05:30,199.93,199.98,199.8,199.9,68601,0
2026-05-06 10:50:00+05:30,199.9,199.91,199.7,199.82,68424,0
2026-05-06 10:55:00+05:30,199.82,199.95,199.72,199.89,84658,0
2026-05-06 11:00:00+05:30,199.86,199.94,199.74,199.79,62299,0
2026-05-06 11:05:00+05:30,199.79,199.9,199.7,199.86,57283,0
2026-05-06 11:10:00+05:30,199.86,199.9,199.6,199.8,107003,0
2026-05-06 11:15:00+05:30,199.8,200.0,199.74,199.91,78954,0
2026-05-06 11:20:00+05:30,199.91,199.97,199.8,199.87,44582,0
2026-05-06 11:25:00+05:30,199.87,199.99,199.82,199.94,55778,0
2026-05-06 11:30:00+05:30,199.94,200.0,199.9,199.99,59018,0
2026-05-06 11:35:00+05:30,199.99,199.99,199.82,199.91,73990,0
2026-05-06 11:40:00+05:30,199.91,200.18,199.9,200.05,254145,0
2026-05-06 11:45:00+05:30,200.05,200.05,199.91,200.04,60797,0
2026-05-06 11:50:00+05:30,200.04,200.05,199.9,199.9,66857,0
2026-05-06 11:55:00+05:30,199.9,200.0,199.88,199.94,51045,0
2026-05-06 12:00:00+05:30,199.94,200.05,199.86,199.97,68743,0
2026-05-06 12:05:00+05:30,199.97,200.0,199.86,199.97,44842,0
2026-05-06 12:10:00+05:30,199.97,199.97,199.8,199.87,44985,0
2026-05-06 12:15:00+05:30,199.87,199.87,199.38,199.4,385754,0
2026-05-06 12:20:00+05:30,199.42,199.51,199.2,199.37,200157,0
2026-05-06 12:25:00+05:30,199.37,199.38,199.11,199.18,156536,0
2026-05-06 12:30:00+05:30,199.18,199.22,199.01,199.08,215457,0
2026-05-06 12:35:00+05:30,199.08,199.18,198.82,198.94,437659,0
2026-05-06 12:40:00+05:30,198.94,198.96,198.54,198.68,212064,0
2026-05-06 12:45:00+05:30,198.68,198.77,198.48,198.63,250742,0
2026-05-06 12:50:00+05:30,198.65,198.66,198.31,198.37,216513,0
2026-05-06 12:55:00+05:30,198.37,198.5,198.3,198.4,144832,0
2026-05-06 13:00:00+05:30,198.4,198.62,198.25,198.55,162284,0
2026-05-06 13:05:00+05:30,198.55,198.92,198.5,198.87,102388,0
2026-05-06 13:10:00+05:30,198.87,198.87,198.61,198.83,109258,0
2026-05-06 13:15:00+05:30,198.83,199.01,198.8,198.9,143982,0
2026-05-06 13:20:00+05:30,198.9,199.0,198.8,199.0,65167,0
2026-05-06 13:25:00+05:30,198.99,199.01,198.83,198.97,101089,0
2026-05-06 13:30:00+05:30,198.97,198.98,198.81,198.85,67055,0
2026-05-06 13:35:00+05:30,198.85,198.96,198.74,198.79,104793,0
2026-05-06 13:40:00+05:30,198.79,198.81,198.61,198.74,117281,0
2026-05-06 13:45:00+05:30,198.74,198.82,198.62,198.74,96997,0
2026-05-06 13:50:00+05:30,198.75,198.9,198.55,198.67,104915,0
2026-05-06 13:55:00+05:30,198.67,198.67,198.31,198.57,202236,0
2026-05-06 14:00:00+05:30,198.57,198.74,198.48,198.73,92048,0
2026-05-06 14:05:00+05:30,198.72,198.84,198.5,198.63,135471,0
2026-05-06 14:10:00+05:30,198.63,198.9,198.62,198.79,78079,0
2026-05-06 14:15:00+05:30,198.79,198.89,198.75,198.82,92680,0
2026-05-06 14:20:00+05:30,198.82,199.25,198.8,199.1,362795,0
2026-05-06 14:25:00+05:30,199.1,199.44,199.02,199.44,231396,0
2026-05-06 14:30:00+05:30,199.44,199.5,199.05,199.2,189387,0
2026-05-06 14:35:00+05:30,199.24,199.49,199.19,199.44,175649,0
2026-05-06 14:40:00+05:30,199.44,199.59,199.4,199.43,171348,0
2026-05-06 14:45:00+05:30,199.43,199.55,199.24,199.49,320630,0
2026-05-06 14:50:00+05:30,199.49,199.59,199.4,199.53,135916,0
2026-05-06 14:55:00+05:30,199.53,199.65,199.48,199.54,172041,0
2026-05-06 15:00:00+05:30,199.59,199.66,199.4,199.45,319001,0
2026-05-06 15:05:00+05:30,199.45,199.5,199.12,199.2,366323,0
2026-05-06 15:10:00+05:30,199.2,199.23,198.92,199.06,399615,0
2026-05-06 15:15:00+05:30,199.06,199.2,199.0,199.17,418976,0
2026-05-06 15:20:00+05:30,199.19,199.19,198.9,198.99,573517,0
2026-05-06 15:25:00+05:30,198.99,199.25,198.91,199.25,737477,0
2026-05-07 09:15:00+05:30,199.5,200.28,199.14,199.31,1071082,0
2026-05-07 09:20:00+05:30,199.31,199.54,198.51,198.79,582538,0
2026-05-07 09:25:00+05:30,198.79,198.82,198.45,198.46,483007,0
2026-05-07 09:30:00+05:30,198.47,198.83,198.25,198.41,310189,0
2026-05-07 09:35:00+05:30,198.41,198.64,198.35,198.51,234271,0
2026-05-07 09:40:00+05:30,198.54,198.89,198.5,198.73,183273,0
2026-05-07 09:45:00+05:30,198.73,198.75,198.55,198.64,202305,0
2026-05-07 09:50:00+05:30,198.62,198.66,198.35,198.45,253795,0
2026-05-07 09:55:00+05:30,198.45,198.77,198.42,198.45,154013,0
2026-05-07 10:00:00+05:30,198.45,198.55,198.18,198.39,358524,0
2026-05-07 10:05:00+05:30,198.39,198.57,198.22,198.28,163841,0
2026-05-07 10:10:00+05:30,198.28,198.45,198.05,198.33,325046,0
2026-05-07 10:15:00+05:30,198.27,198.39,198.2,198.34,201646,0
2026-05-07 10:20:00+05:30,198.33,198.54,198.27,198.45,104002,0
2026-05-07 10:25:00+05:30,198.5,198.62,198.39,198.52,165920,0
2026-05-07 10:30:00+05:30,198.6,198.75,198.5,198.74,143370,0
2026-05-07 10:35:00+05:30,198.72,198.72,198.5,198.55,117417,0
2026-05-07 10:40:00+05:30,198.55,198.6,198.4,198.5,126976,0
2026-05-07 10:45:00+05:30,198.5,198.61,198.42,198.51,112706,0
2026-05-07 10:50:00+05:30,198.59,198.6,198.32,198.59,129571,0
2026-05-07 10:55:00+05:30,198.59,198.65,198.44,198.59,109324,0
2026-05-07 11:00:00+05:30,198.6,198.63,198.35,198.44,123808,0
2026-05-07 11:05:00+05:30,198.49,198.55,198.3,198.34,128738,0
2026-05-07 11:10:00+05:30,198.32,198.38,198.16,198.2,181459,0
2026-05-07 11:15:00+05:30,198.2,198.21,198.05,198.15,265128,0
2026-05-07 11:20:00+05:30,198.15,198.15,198.0,198.09,272705,0
2026-05-07 11:25:00+05:30,198.09,198.19,198.01,198.13,114496,0
2026-05-07 11:30:00+05:30,198.13,198.48,198.12,198.43,79797,0
2026-05-07 11:35:00+05:30,198.43,198.45,198.25,198.38,113899,0
2026-05-07 11:40:00+05:30,198.38,198.38,197.85,197.85,1033239,0
2026-05-07 11:45:00+05:30,197.9,198.0,197.8,197.83,243323,0
2026-05-07 11:50:00+05:30,197.84,198.0,197.82,197.95,116301,0
2026-05-07 11:55:00+05:30,197.96,198.0,197.87,197.97,75165,0
2026-05-07 12:00:00+05:30,197.97,198.13,197.9,197.9,178551,0
2026-05-07 12:05:00+05:30,197.9,198.01,197.85,198.0,130634,0
2026-05-07 12:10:00+05:30,198.0,198.05,197.9,197.99,98061,0
2026-05-07 12:15:00+05:30,197.93,198.05,197.91,198.0,105909,0
2026-05-07 12:20:00+05:30,197.95,198.25,197.95,198.01,164478,0
2026-05-07 12:25:00+05:30,198.01,198.06,197.91,197.95,243848,0
2026-05-07 12:30:00+05:30,197.91,198.03,197.82,197.95,299326,0
2026-05-07 12:35:00+05:30,198.01,198.1,197.91,198.08,176732,0
2026-05-07 12:40:00+05:30,198.08,198.16,198.0,198.03,155777,0
2026-05-07 12:45:00+05:30,198.01,198.2,198.0,198.05,222144,0
2026-05-07 12:50:00+05:30,198.06,198.18,197.9,197.91,367255,0
2026-05-07 12:55:00+05:30,197.91,198.03,197.75,197.85,509112,0
2026-05-07 13:00:00+05:30,197.85,197.99,197.81,197.92,135121,0
2026-05-07 13:05:00+05:30,197.9,198.04,197.9,197.94,95369,0
2026-05-07 13:10:00+05:30,197.97,197.98,197.75,197.86,150455,0
2026-05-07 13:15:00+05:30,197.86,197.91,197.65,197.83,288292,0
2026-05-07 13:20:00+05:30,197.8,197.9,197.66,197.8,185380,0
2026-05-07 13:25:00+05:30,197.8,197.92,197.72,197.87,311974,0
2026-05-07 13:30:00+05:30,197.87,197.92,197.75,197.82,85289,0
2026-05-07 13:35:00+05:30,197.82,197.88,197.7,197.71,109947,0
2026-05-07 13:40:00+05:30,197.72,197.9,197.7,197.88,99553,0
2026-05-07 13:45:00+05:30,197.89,197.9,197.7,197.85,116072,0
2026-05-07 13:50:00+05:30,197.85,197.88,197.72,197.85,88320,0
2026-05-07 13:55:00+05:30,197.85,197.93,197.8,197.86,125992,0
2026-05-07 14:00:00+05:30,197.86,197.86,197.75,197.76,109844,0
2026-05-07 14:05:00+05:30,197.75,197.9,197.71,197.79,186510,0
2026-05-07 14:10:00+05:30,197.79,197.89,197.65,197.7,235274,0
2026-05-07 14:15:00+05:30,197.7,197.74,197.64,197.7,150513,0
2026-05-07 14:20:00+05:30,197.7,197.76,197.62,197.68,181653,0
2026-05-07 14:25:00+05:30,197.68,197.72,197.5,197.51,327320,0
2026-05-07 14:30:00+05:30,197.5,197.59,197.35,197.54,438435,0
2026-05-07 14:35:00+05:30,197.54,197.56,197.4,197.46,140480,0
2026-05-07 14:40:00+05:30,197.45,197.57,197.37,197.51,221982,0
2026-05-07 14:45:00+05:30,197.51,197.64,197.41,197.57,179577,0
2026-05-07 14:50:00+05:30,197.53,197.7,197.51,197.66,157250,0
2026-05-07 14:55:00+05:30,197.66,197.75,197.56,197.65,288601,0
2026-05-07 15:00:00+05:30,197.61,197.68,197.42,197.44,487094,0
2026-05-07 15:05:00+05:30,197.44,197.44,197.24,197.32,829308,0
2026-05-07 15:10:00+05:30,197.32,197.45,197.26,197.4,499311,0
2026-05-07 15:15:00+05:30,197.41,197.44,197.22,197.36,639786,0
2026-05-07 15:20:00+05:30,197.37,197.4,197.29,197.31,642609,0
2026-05-07 15:25:00+05:30,197.31,197.49,197.19,197.39,834572,0
2026-05-08 09:15:00+05:30,198.0,198.7,197.49,198.54,865676,0
2026-05-08 09:20:00+05:30,198.59,198.94,198.22,198.45,469573,0
2026-05-08 09:25:00+05:30,198.43,198.46,197.86,198.3,857356,0
2026-05-08 09:30:00+05:30,198.35,198.36,197.0,197.43,795337,0
2026-05-08 09:35:00+05:30,197.43,197.85,197.16,197.25,415852,0
2026-05-08 09:40:00+05:30,197.2,197.34,196.91,197.0,477415,0
2026-05-08 09:45:00+05:30,197.0,197.02,196.7,197.0,348330,0
2026-05-08 09:50:00+05:30,197.0,197.28,196.9,197.26,507927,0
2026-05-08 09:55:00+05:30,197.26,197.36,197.02,197.34,150989,0
2026-05-08 10:00:00+05:30,197.34,197.35,196.77,196.85,520133,0
2026-05-08 10:05:00+05:30,196.85,196.92,196.7,196.77,219629,0
2026-05-08 10:10:00+05:30,196.77,197.0,196.7,196.9,194017,0
2026-05-08 10:15:00+05:30,196.86,197.02,196.85,197.0,189367,0
2026-05-08 10:20:00+05:30,197.0,197.58,196.97,197.4,741113,0
2026-05-08 10:25:00+05:30,197.43,197.84,197.4,197.6,217779,0
2026-05-08 10:30:00+05:30,197.6,197.9,197.4,197.81,770051,0
2026-05-08 10:35:00+05:30,197.8,197.85,197.61,197.7,123419,0
2026-05-08 10:40:00+05:30,197.7,197.83,197.5,197.67,107445,0
2026-05-08 10:45:00+05:30,197.66,197.71,197.45,197.45,94352,0
2026-05-08 10:50:00+05:30,197.5,197.55,197.4,197.46,86733,0
2026-05-08 10:55:00+05:30,197.46,197.49,197.25,197.44,110542,0
2026-05-08 11:00:00+05:30,197.43,197.44,197.12,197.24,114208,0
2026-05-08 11:05:00+05:30,197.24,197.32,197.2,197.26,46577,0
2026-05-08 11:10:00+05:30,197.26,197.36,197.15,197.29,98261,0
2026-05-08 11:15:00+05:30,197.29,197.3,196.99,197.08,209158,0
2026-05-08 11:20:00+05:30,197.09,197.14,196.92,197.04,117482,0
2026-05-08 11:25:00+05:30,197.04,197.17,197.0,197.12,81930,0
2026-05-08 11:30:00+05:30,197.16,197.3,197.06,197.3,61251,0
2026-05-08 11:35:00+05:30,197.3,197.36,197.25,197.27,69277,0
2026-05-08 11:40:00+05:30,197.27,197.48,197.26,197.34,80017,0
2026-05-08 11:45:00+05:30,197.34,197.43,197.25,197.37,93496,0
2026-05-08 11:50:00+05:30,197.36,197.5,197.21,197.44,92431,0
2026-05-08 11:55:00+05:30,197.47,197.52,197.39,197.46,73824,0
2026-05-08 12:00:00+05:30,197.46,197.48,197.32,197.45,71647,0
2026-05-08 12:05:00+05:30,197.45,197.46,197.4,197.4,48309,0
2026-05-08 12:10:00+05:30,197.4,197.56,197.38,197.53,75150,0
2026-05-08 12:15:00+05:30,197.51,197.6,197.45,197.59,152501,0
2026-05-08 12:20:00+05:30,197.59,197.6,197.12,197.29,189469,0
2026-05-08 12:25:00+05:30,197.26,197.57,197.14,197.57,103361,0
2026-05-08 12:30:00+05:30,197.57,197.7,197.34,197.5,180210,0
2026-05-08 12:35:00+05:30,197.5,197.67,197.4,197.43,94530,0
2026-05-08 12:40:00+05:30,197.44,197.59,197.4,197.5,70981,0
2026-05-08 12:45:00+05:30,197.5,197.53,197.3,197.44,47265,0
2026-05-08 12:50:00+05:30,197.43,197.53,197.35,197.46,103582,0
2026-05-08 12:55:00+05:30,197.5,197.59,197.38,197.46,54984,0
2026-05-08 13:00:00+05:30,197.5,197.55,197.36,197.49,73844,0
2026-05-08 13:05:00+05:30,197.49,197.73,197.42,197.66,77511,0
2026-05-08 13:10:00+05:30,197.68,197.81,197.6,197.76,88822,0
2026-05-08 13:15:00+05:30,197.76,197.79,197.6,197.6,97867,0
2026-05-08 13:20:00+05:30,197.67,197.72,197.5,197.68,95360,0
2026-05-08 13:25:00+05:30,197.73,198.18,197.66,198.15,191895,0
2026-05-08 13:30:00+05:30,198.16,198.18,197.9,198.0,116077,0
2026-05-08 13:35:00+05:30,198.05,198.05,197.65,197.74,128783,0
2026-05-08 13:40:00+05:30,197.77,197.89,197.6,197.61,66777,0
2026-05-08 13:45:00+05:30,197.65,197.69,197.22,197.48,269604,0
2026-05-08 13:50:00+05:30,197.5,197.65,197.44,197.55,86875,0
2026-05-08 13:55:00+05:30,197.58,197.66,197.3,197.43,84715,0
2026-05-08 14:00:00+05:30,197.43,197.65,197.33,197.55,99638,0
2026-05-08 14:05:00+05:30,197.56,197.75,197.55,197.69,181148,0
2026-05-08 14:10:00+05:30,197.69,197.95,197.6,197.76,172253,0
2026-05-08 14:15:00+05:30,197.79,197.82,197.41,197.59,207299,0
2026-05-08 14:20:00+05:30,197.61,197.73,197.45,197.55,196686,0
2026-05-08 14:25:00+05:30,197.55,197.68,197.5,197.65,84067,0
2026-05-08 14:30:00+05:30,197.63,198.05,197.6,197.95,170696,0
2026-05-08 14:35:00+05:30,197.91,198.29,197.89,198.16,206666,0
2026-05-08 14:40:00+05:30,198.16,198.39,198.01,198.05,210374,0
2026-05-08 14:45:00+05:30,198.05,198.18,197.91,198.09,202947,0
2026-05-08 14:50:00+05:30,198.1,198.25,198.09,198.14,133920,0
2026-05-08 14:55:00+05:30,198.14,198.2,197.85,197.95,210523,0
2026-05-08 15:00:00+05:30,197.95,198.0,197.72,197.89,247689,0
2026-05-08 15:05:00+05:30,197.89,198.14,197.8,198.11,256535,0
2026-05-08 15:10:00+05:30,198.11,198.12,197.9,197.96,199979,0
2026-05-08 15:15:00+05:30,197.96,198.05,197.85,197.94,384263,0
2026-05-08 15:20:00+05:30,197.94,197.98,197.8,197.86,371433,0
2026-05-08 15:25:00+05:30,197.86,197.99,197.73,197.88,438682,0
2026-05-11 09:15:00+05:30,197.88,198.24,196.82,197.96,658456,0
2026-05-11 09:20:00+05:30,197.96,197.97,197.11,197.65,313560,0
2026-05-11 09:25:00+05:30,197.63,197.74,197.12,197.2,154558,0
2026-05-11 09:30:00+05:30,197.24,197.66,197.2,197.43,107060,0
2026-05-11 09:35:00+05:30,197.4,197.5,196.95,197.03,236493,0
2026-05-11 09:40:00+05:30,197.02,197.12,196.75,196.82,169724,0
2026-05-11 09:45:00+05:30,196.82,197.25,196.76,197.12,111588,0
2026-05-11 09:50:00+05:30,197.19,197.25,196.91,197.25,121267,0
2026-05-11 09:55:00+05:30,197.25,197.35,197.1,197.1,75259,0
2026-05-11 10:00:00+05:30,197.14,197.28,197.04,197.06,69323,0
2026-05-11 10:05:00+05:30,197.05,197.35,197.02,197.16,88897,0
2026-05-11 10:10:00+05:30,197.16,197.25,197.05,197.15,84622,0
2026-05-11 10:15:00+05:30,197.15,197.16,196.88,197.01,176915,0
2026-05-11 10:20:00+05:30,197.01,197.25,197.0,197.16,84438,0
2026-05-11 10:25:00+05:30,197.16,197.69,197.01,197.59,105148,0
2026-05-11 10:30:00+05:30,197.59,197.69,197.44,197.65,57382,0
2026-05-11 10:35:00+05:30,197.69,197.8,197.51,197.69,56875,0
2026-05-11 10:40:00+05:30,197.69,197.69,197.45,197.59,52809,0
2026-05-11 10:45:00+05:30,197.58,197.6,197.31,197.38,52747,0
2026-05-11 10:50:00+05:30,197.38,197.49,197.27,197.45,50667,0
2026-05-11 10:55:00+05:30,197.45,197.94,197.38,197.85,142259,0
2026-05-11 11:00:00+05:30,197.85,198.09,197.71,198.04,107439,0
2026-05-11 11:05:00+05:30,198.03,198.15,197.9,198.04,93373,0
2026-05-11 11:10:00+05:30,198.0,198.05,197.8,197.85,74812,0
2026-05-11 11:15:00+05:30,197.87,197.91,197.5,197.66,77688,0
2026-05-11 11:20:00+05:30,197.66,197.78,197.6,197.67,50361,0
2026-05-11 11:25:00+05:30,197.66,197.77,197.6,197.71,53368,0
2026-05-11 11:30:00+05:30,197.71,197.78,197.5,197.58,89704,0
2026-05-11 11:35:00+05:30,197.58,197.72,197.45,197.72,62193,0
2026-05-11 11:40:00+05:30,197.78,197.89,197.53,197.89,62306,0
2026-05-11 11:45:00+05:30,197.89,197.9,197.7,197.7,50615,0
2026-05-11 11:50:00+05:30,197.71,197.95,197.65,197.95,52019,0
2026-05-11 11:55:00+05:30,197.92,197.95,197.56,197.69,52439,0
2026-05-11 12:00:00+05:30,197.69,197.73,197.5,197.54,39534,0
2026-05-11 12:05:00+05:30,197.54,197.75,197.5,197.57,41395,0
2026-05-11 12:10:00+05:30,197.57,197.59,197.4,197.42,70692,0
2026-05-11 12:15:00+05:30,197.47,197.48,197.2,197.3,117869,0
2026-05-11 12:20:00+05:30,197.31,197.47,197.2,197.32,71422,0
2026-05-11 12:25:00+05:30,197.35,197.59,197.32,197.55,50762,0
2026-05-11 12:30:00+05:30,197.54,197.79,197.45,197.63,79626,0
2026-05-11 12:35:00+05:30,197.7,197.8,197.51,197.8,117938,0
2026-05-11 12:40:00+05:30,197.8,198.01,197.71,198.01,112637,0
2026-05-11 12:45:00+05:30,198.0,198.05,197.8,197.94,96094,0
2026-05-11 12:50:00+05:30,197.94,198.05,197.86,198.0,41679,0
2026-05-11 12:55:00+05:30,197.98,198.04,197.8,197.8,41976,0
2026-05-11 13:00:00+05:30,197.87,197.9,197.65,197.78,44465,0
2026-05-11 13:05:00+05:30,197.78,197.94,197.6,197.94,41928,0
2026-05-11 13:10:00+05:30,197.94,197.95,197.77,197.93,31690,0
2026-05-11 13:15:00+05:30,197.93,197.94,197.76,197.89,35976,0
2026-05-11 13:20:00+05:30,197.89,198.04,197.83,198.04,107738,0
2026-05-11 13:25:00+05:30,198.01,198.04,197.91,197.96,46655,0
2026-05-11 13:30:00+05:30,197.96,198.0,197.35,197.6,255849,0
2026-05-11 13:35:00+05:30,197.6,197.86,197.5,197.7,36859,0
2026-05-11 13:40:00+05:30,197.73,197.75,197.54,197.64,51380,0
2026-05-11 13:45:00+05:30,197.64,197.7,197.55,197.63,46298,0
2026-05-11 13:50:00+05:30,197.65,197.86,197.55,197.8,40869,0
2026-05-11 13:55:00+05:30,197.83,197.9,197.7,197.75,38113,0
2026-05-11 14:00:00+05:30,197.76,197.83,197.6,197.69,70403,0
2026-05-11 14:05:00+05:30,197.69,197.96,197.61,197.87,48998,0
2026-05-11 14:10:00+05:30,197.87,197.95,197.73,197.86,50947,0
2026-05-11 14:15:00+05:30,197.86,197.89,197.6,197.61,112006,0
2026-05-11 14:20:00+05:30,197.61,197.79,197.6,197.61,49484,0
2026-05-11 14:25:00+05:30,197.61,197.68,197.5,197.5,53145,0
2026-05-11 14:30:00+05:30,197.51,197.94,197.5,197.89,97994,0
2026-05-11 14:35:00+05:30,197.89,197.9,197.54,197.58,69425,0
2026-05-11 14:40:00+05:30,197.58,197.58,197.2,197.21,132628,0
2026-05-11 14:45:00+05:30,197.2,197.26,196.9,196.9,555493,0
2026-05-11 14:50:00+05:30,196.91,197.08,196.9,196.96,75786,0
2026-05-11 14:55:00+05:30,196.97,197.03,196.96,197.0,82578,0
2026-05-11 15:00:00+05:30,196.99,197.08,196.7,196.72,392355,0
2026-05-11 15:05:00+05:30,196.72,196.76,196.6,196.61,243177,0
2026-05-11 15:10:00+05:30,196.64,196.89,196.6,196.71,288894,0
2026-05-11 15:15:00+05:30,196.71,196.95,196.62,196.7,308308,0
2026-05-11 15:20:00+05:30,196.68,196.76,196.6,196.69,357035,0
2026-05-11 15:25:00+05:30,196.69,196.84,196.15,196.2,745975,0
2026-05-12 09:15:00+05:30,196.1,196.14,193.47,193.96,1832893,0
2026-05-12 09:20:00+05:30,193.83,194.0,193.2,193.48,825061,0
2026-05-12 09:25:00+05:30,193.48,193.56,192.36,192.77,893816,0
2026-05-12 09:30:00+05:30,192.87,192.92,191.82,192.22,1017761,0
2026-05-12 09:35:00+05:30,192.22,192.46,191.6,191.69,697646,0
2026-05-12 09:40:00+05:30,191.69,192.24,191.56,191.96,482797,0
2026-05-12 09:45:00+05:30,191.9,192.07,191.52,191.99,444813,0
2026-05-12 09:50:00+05:30,191.99,192.26,191.89,192.04,445693,0
2026-05-12 09:55:00+05:30,192.04,192.2,191.68,191.77,456537,0
2026-05-12 10:00:00+05:30,191.77,191.94,191.6,191.7,582301,0
2026-05-12 10:05:00+05:30,191.7,191.95,191.5,191.84,429261,0
2026-05-12 10:10:00+05:30,191.85,191.9,191.6,191.76,476651,0
2026-05-12 10:15:00+05:30,191.75,191.76,191.4,191.46,573000,0
2026-05-12 10:20:00+05:30,191.41,191.96,191.31,191.35,444108,0
2026-05-12 10:25:00+05:30,191.35,191.42,191.1,191.25,426074,0
2026-05-12 10:30:00+05:30,191.25,191.25,191.0,191.09,610889,0
2026-05-12 10:35:00+05:30,191.1,191.12,190.64,190.77,515254,0
2026-05-12 10:40:00+05:30,190.77,191.09,190.7,190.77,383582,0
2026-05-12 10:45:00+05:30,190.77,190.82,190.4,190.5,470134,0
2026-05-12 10:50:00+05:30,190.5,190.9,190.35,190.71,290290,0
2026-05-12 10:55:00+05:30,190.71,191.1,190.56,191.01,232059,0
2026-05-12 11:00:00+05:30,191.01,191.4,190.75,191.14,305784,0
2026-05-12 11:05:00+05:30,191.14,191.22,190.85,191.08,272304,0
2026-05-12 11:10:00+05:30,191.08,191.2,190.85,190.99,201896,0
2026-05-12 11:15:00+05:30,190.99,191.14,190.8,190.98,167075,0
2026-05-12 11:20:00+05:30,190.98,191.01,190.78,190.83,300924,0
2026-05-12 11:25:00+05:30,190.83,191.09,190.7,190.83,193872,0
2026-05-12 11:30:00+05:30,190.83,191.15,190.7,191.15,154970,0
2026-05-12 11:35:00+05:30,191.15,191.19,190.95,191.11,155273,0
2026-05-12 11:40:00+05:30,191.13,191.19,191.01,191.11,160694,0
2026-05-12 11:45:00+05:30,191.11,191.15,191.0,191.09,117392,0
2026-05-12 11:50:00+05:30,191.09,191.19,191.01,191.08,145481,0
2026-05-12 11:55:00+05:30,191.11,191.46,191.02,191.17,181607,0
2026-05-12 12:00:00+05:30,191.16,191.28,190.61,190.71,256924,0
2026-05-12 12:05:00+05:30,190.71,190.87,190.52,190.63,231421,0
2026-05-12 12:10:00+05:30,190.62,190.71,190.52,190.64,157388,0
2026-05-12 12:15:00+05:30,190.64,190.69,190.5,190.66,167328,0
2026-05-12 12:20:00+05:30,190.66,190.66,190.25,190.49,398161,0
2026-05-12 12:25:00+05:30,190.49,190.58,190.33,190.49,178679,0
2026-05-12 12:30:00+05:30,190.49,190.69,190.3,190.6,212062,0
2026-05-12 12:35:00+05:30,190.63,190.63,190.26,190.27,181556,0
2026-05-12 12:40:00+05:30,190.34,190.69,190.26,190.58,153216,0
2026-05-12 12:45:00+05:30,190.55,190.68,190.3,190.64,223387,0
2026-05-12 12:50:00+05:30,190.64,190.89,190.6,190.8,127712,0
2026-05-12 12:55:00+05:30,190.8,190.99,190.75,190.92,132844,0
2026-05-12 13:00:00+05:30,190.92,191.11,190.87,191.04,181651,0
2026-05-12 13:05:00+05:30,191.04,191.09,190.85,190.93,145855,0
2026-05-12 13:10:00+05:30,190.93,191.05,190.65,191.03,194644,0
2026-05-12 13:15:00+05:30,191.03,191.16,190.86,191.0,179536,0
2026-05-12 13:20:00+05:30,191.01,191.01,190.59,190.73,277669,0
2026-05-12 13:25:00+05:30,190.73,190.88,190.62,190.87,129676,0
2026-05-12 13:30:00+05:30,190.87,191.0,190.83,190.87,114235,0
2026-05-12 13:35:00+05:30,190.85,190.9,190.6,190.82,140304,0
2026-05-12 13:40:00+05:30,190.9,190.91,190.58,190.76,111700,0
2026-05-12 13:45:00+05:30,190.76,190.76,190.36,190.42,215602,0
2026-05-12 13:50:00+05:30,190.42,190.72,190.38,190.7,124543,0
2026-05-12 13:55:00+05:30,190.7,190.71,190.4,190.49,152328,0
2026-05-12 14:00:00+05:30,190.49,190.53,190.25,190.32,203915,0
2026-05-12 14:05:00+05:30,190.31,190.45,190.1,190.11,289617,0
2026-05-12 14:10:00+05:30,190.1,190.19,190.02,190.18,305099,0
2026-05-12 14:15:00+05:30,190.18,190.32,190.06,190.17,204218,0
2026-05-12 14:20:00+05:30,190.14,190.6,190.04,190.5,233770,0
2026-05-12 14:25:00+05:30,190.54,190.54,190.12,190.22,155209,0
2026-05-12 14:30:00+05:30,190.21,190.27,190.0,190.0,406729,0
2026-05-12 14:35:00+05:30,190.05,190.15,190.0,190.06,383035,0
2026-05-12 14:40:00+05:30,190.13,190.14,190.0,190.05,493325,0
2026-05-12 14:45:00+05:30,190.05,190.05,189.65,189.87,584103,0
2026-05-12 14:50:00+05:30,189.87,189.9,189.6,189.6,241121,0
2026-05-12 14:55:00+05:30,189.64,189.7,189.5,189.65,300395,0
2026-05-12 15:00:00+05:30,189.63,189.8,189.25,189.41,618738,0
2026-05-12 15:05:00+05:30,189.41,189.5,189.1,189.23,618249,0
2026-05-12 15:10:00+05:30,189.23,189.35,189.1,189.25,725916,0
2026-05-12 15:15:00+05:30,189.25,189.79,189.22,189.79,702416,0
2026-05-12 15:20:00+05:30,189.76,190.06,189.59,189.87,1051006,0
2026-05-12 15:25:00+05:30,189.87,190.4,189.73,190.3,636524,0
2026-05-13 09:15:00+05:30,190.67,191.3,189.6,189.75,1328566,0
2026-05-13 09:20:00+05:30,189.82,189.94,188.65,188.71,716557,0
2026-05-13 09:25:00+05:30,188.75,189.0,188.25,188.55,421128,0
2026-05-13 09:30:00+05:30,188.58,188.78,188.11,188.12,340149,0
2026-05-13 09:35:00+05:30,188.15,188.39,187.55,187.61,550239,0
2026-05-13 09:40:00+05:30,187.68,188.1,187.31,187.99,324941,0
2026-05-13 09:45:00+05:30,187.95,188.39,187.5,187.65,317046,0
2026-05-13 09:50:00+05:30,187.57,188.43,187.57,188.39,181976,0
2026-05-13 09:55:00+05:30,188.36,188.67,188.14,188.48,186023,0
2026-05-13 10:00:00+05:30,188.45,188.79,188.28,188.75,177829,0
2026-05-13 10:05:00+05:30,188.7,188.98,188.67,188.94,157635,0
2026-05-13 10:10:00+05:30,188.91,189.12,188.69,188.99,184960,0
2026-05-13 10:15:00+05:30,188.98,189.35,188.9,189.35,124039,0
2026-05-13 10:20:00+05:30,189.32,189.7,189.3,189.6,217259,0
2026-05-13 10:25:00+05:30,189.64,189.79,189.2,189.35,276649,0
2026-05-13 10:30:00+05:30,189.35,189.4,188.51,188.77,368179,0
2026-05-13 10:35:00+05:30,188.79,188.85,188.05,188.12,325396,0
2026-05-13 10:40:00+05:30,188.15,188.61,188.06,188.48,360244,0
2026-05-13 10:45:00+05:30,188.48,188.71,188.4,188.51,185553,0
2026-05-13 10:50:00+05:30,188.51,188.68,188.32,188.45,282509,0
2026-05-13 10:55:00+05:30,188.5,188.5,188.0,188.02,339423,0
2026-05-13 11:00:00+05:30,188.01,188.17,187.91,187.96,219733,0
2026-05-13 11:05:00+05:30,187.96,188.02,187.58,187.64,208031,0
2026-05-13 11:10:00+05:30,187.64,187.95,187.5,187.87,137745,0
2026-05-13 11:15:00+05:30,187.89,188.17,187.73,188.02,112222,0
2026-05-13 11:20:00+05:30,187.94,188.27,187.83,188.24,98464,0
2026-05-13 11:25:00+05:30,188.24,188.28,187.85,188.0,219457,0
2026-05-13 11:30:00+05:30,187.96,188.4,187.9,188.38,220972,0
2026-05-13 11:35:00+05:30,188.38,188.92,188.3,188.68,342593,0
2026-05-13 11:40:00+05:30,188.68,188.8,188.46,188.8,132998,0
2026-05-13 11:45:00+05:30,188.8,188.82,188.41,188.56,129578,0
2026-05-13 11:50:00+05:30,188.58,188.7,188.45,188.65,93903,0
2026-05-13 11:55:00+05:30,188.66,188.75,188.39,188.4,89380,0
2026-05-13 12:00:00+05:30,188.4,188.6,188.35,188.55,133563,0
2026-05-13 12:05:00+05:30,188.55,188.79,188.52,188.79,171015,0
2026-05-13 12:10:00+05:30,188.79,189.38,188.71,189.3,205284,0
2026-05-13 12:15:00+05:30,189.27,189.31,188.76,188.82,101859,0
2026-05-13 12:20:00+05:30,188.82,188.88,188.5,188.59,91778,0
2026-05-13 12:25:00+05:30,188.59,188.68,188.2,188.22,117829,0
2026-05-13 12:30:00+05:30,188.24,188.44,188.12,188.21,121561,0
2026-05-13 12:35:00+05:30,188.2,188.33,188.12,188.25,126525,0
2026-05-13 12:40:00+05:30,188.25,188.25,187.91,188.15,258936,0
2026-05-13 12:45:00+05:30,188.15,188.24,188.03,188.16,122359,0
2026-05-13 12:50:00+05:30,188.16,188.6,188.11,188.6,114572,0
2026-05-13 12:55:00+05:30,188.65,188.92,188.57,188.89,119048,0
2026-05-13 13:00:00+05:30,188.89,188.92,188.62,188.65,131802,0
2026-05-13 13:05:00+05:30,188.68,188.74,188.32,188.42,124921,0
2026-05-13 13:10:00+05:30,188.44,188.67,188.42,188.57,59763,0
2026-05-13 13:15:00+05:30,188.55,188.6,188.4,188.43,75105,0
2026-05-13 13:20:00+05:30,188.44,188.58,188.4,188.4,65216,0
2026-05-13 13:25:00+05:30,188.4,188.46,188.12,188.24,104521,0
2026-05-13 13:30:00+05:30,188.27,188.55,188.14,188.41,91160,0
2026-05-13 13:35:00+05:30,188.42,188.59,188.4,188.57,70245,0
2026-05-13 13:40:00+05:30,188.58,188.6,188.4,188.46,77282,0
2026-05-13 13:45:00+05:30,188.46,188.53,188.25,188.34,112223,0
2026-05-13 13:50:00+05:30,188.3,188.39,188.16,188.31,67136,0
2026-05-13 13:55:00+05:30,188.34,188.4,188.11,188.3,154734,0
2026-05-13 14:00:00+05:30,188.3,188.43,188.25,188.3,84560,0
2026-05-13 14:05:00+05:30,188.3,188.49,188.2,188.43,167865,0
2026-05-13 14:10:00+05:30,188.43,188.71,188.4,188.58,194731,0
2026-05-13 14:15:00+05:30,188.62,188.7,188.4,188.43,105877,0
2026-05-13 14:20:00+05:30,188.42,188.43,188.06,188.25,282608,0
2026-05-13 14:25:00+05:30,188.26,188.35,188.1,188.3,121744,0
2026-05-13 14:30:00+05:30,188.27,188.51,188.25,188.41,210861,0
2026-05-13 14:35:00+05:30,188.41,188.43,188.05,188.06,233592,0
2026-05-13 14:40:00+05:30,188.06,188.2,187.9,187.96,471135,0
2026-05-13 14:45:00+05:30,187.93,188.17,187.7,188.13,304135,0
2026-05-13 14:50:00+05:30,188.13,188.22,187.97,188.16,190501,0
2026-05-13 14:55:00+05:30,188.16,188.25,188.05,188.19,136304,0
2026-05-13 15:00:00+05:30,188.18,188.25,187.6,187.77,336481,0
2026-05-13 15:05:00+05:30,187.77,187.98,187.71,187.98,302106,0
2026-05-13 15:10:00+05:30,187.91,187.99,187.58,187.88,370557,0
2026-05-13 15:15:00+05:30,187.85,188.0,187.84,187.94,363645,0
2026-05-13 15:20:00+05:30,187.9,187.96,187.61,187.69,631140,0
2026-05-13 15:25:00+05:30,187.65,188.0,187.61,187.98,538666,0
2026-05-14 09:15:00+05:30,188.25,188.89,187.5,188.35,1764999,0
2026-05-14 09:20:00+05:30,188.3,188.97,188.1,188.6,878058,0
2026-05-14 09:25:00+05:30,188.6,188.66,188.15,188.59,390741,0
2026-05-14 09:30:00+05:30,188.59,188.6,188.05,188.11,352112,0
2026-05-14 09:35:00+05:30,188.08,188.08,187.3,187.47,612512,0
2026-05-14 09:40:00+05:30,187.5,187.65,187.26,187.65,278676,0
2026-05-14 09:45:00+05:30,187.65,187.82,187.53,187.69,138558,0
2026-05-14 09:50:00+05:30,187.69,187.7,187.0,187.25,505105,0
2026-05-14 09:55:00+05:30,187.25,187.5,187.05,187.19,141620,0
2026-05-14 10:00:00+05:30,187.18,188.12,187.1,187.94,189532,0
2026-05-14 10:05:00+05:30,187.94,188.0,187.5,187.88,172954,0
2026-05-14 10:10:00+05:30,187.87,188.0,187.44,187.7,159172,0
2026-05-14 10:15:00+05:30,187.7,187.9,187.56,187.74,108966,0
2026-05-14 10:20:00+05:30,187.73,188.1,187.52,187.95,267197,0
2026-05-14 10:25:00+05:30,187.95,188.25,187.8,188.15,157783,0
2026-05-14 10:30:00+05:30,188.15,188.25,187.92,188.17,165997,0
2026-05-14 10:35:00+05:30,188.17,188.47,188.06,188.43,165374,0
2026-05-14 10:40:00+05:30,188.35,188.49,188.01,188.12,137694,0
2026-05-14 10:45:00+05:30,188.12,188.15,187.7,187.86,155171,0
2026-05-14 10:50:00+05:30,187.87,188.02,187.73,188.02,107325,0
2026-05-14 10:55:00+05:30,188.02,188.03,187.65,187.75,137984,0
2026-05-14 11:00:00+05:30,187.75,187.82,187.6,187.73,110054,0
2026-05-14 11:05:00+05:30,187.72,187.76,187.45,187.58,279794,0
2026-05-14 11:10:00+05:30,187.58,187.74,187.3,187.3,214295,0
2026-05-14 11:15:00+05:30,187.33,187.72,187.2,187.71,204769,0
2026-05-14 11:20:00+05:30,187.69,187.85,187.5,187.77,100221,0
2026-05-14 11:25:00+05:30,187.84,187.85,187.25,187.49,192638,0
2026-05-14 11:30:00+05:30,187.49,187.54,187.3,187.46,110660,0
2026-05-14 11:35:00+05:30,187.47,187.6,187.25,187.41,121561,0
2026-05-14 11:40:00+05:30,187.37,187.52,187.26,187.5,105912,0
2026-05-14 11:45:00+05:30,187.5,187.74,187.4,187.68,217973,0
2026-05-14 11:50:00+05:30,187.74,187.99,187.51,187.92,132523,0
2026-05-14 11:55:00+05:30,187.92,187.99,187.65,187.76,118304,0
2026-05-14 12:00:00+05:30,187.76,187.78,187.3,187.39,180511,0
2026-05-14 12:05:00+05:30,187.37,187.5,187.25,187.37,151494,0
2026-05-14 12:10:00+05:30,187.37,187.5,187.12,187.5,196615,0
2026-05-14 12:15:00+05:30,187.5,187.78,187.48,187.55,144314,0
2026-05-14 12:20:00+05:30,187.55,187.8,187.41,187.75,66806,0
2026-05-14 12:25:00+05:30,187.75,187.75,187.52,187.58,105294,0
2026-05-14 12:30:00+05:30,187.58,187.62,187.3,187.45,140146,0
2026-05-14 12:35:00+05:30,187.45,187.47,187.1,187.19,167088,0
2026-05-14 12:40:00+05:30,187.21,187.41,187.1,187.39,196019,0
2026-05-14 12:45:00+05:30,187.34,187.46,187.21,187.37,137294,0
2026-05-14 12:50:00+05:30,187.4,187.45,187.1,187.22,167864,0
2026-05-14 12:55:00+05:30,187.22,187.31,187.1,187.22,141096,0
2026-05-14 13:00:00+05:30,187.22,187.82,187.2,187.77,162030,0
2026-05-14 13:05:00+05:30,187.75,187.8,187.54,187.63,160254,0
2026-05-14 13:10:00+05:30,187.63,188.19,187.55,188.11,268614,0
2026-05-14 13:15:00+05:30,188.11,188.5,188.08,188.5,396264,0
2026-05-14 13:20:00+05:30,188.5,188.63,188.2,188.26,220129,0
2026-05-14 13:25:00+05:30,188.26,188.5,188.04,188.11,149709,0
2026-05-14 13:30:00+05:30,188.17,188.42,188.04,188.35,51620,0
2026-05-14 13:35:00+05:30,188.35,188.46,188.22,188.25,95785,0
2026-05-14 13:40:00+05:30,188.28,188.48,188.21,188.48,77595,0
2026-05-14 13:45:00+05:30,188.48,188.77,188.43,188.7,154096,0
2026-05-14 13:50:00+05:30,188.68,188.74,188.4,188.66,130375,0
2026-05-14 13:55:00+05:30,188.72,189.14,188.61,188.86,318413,0
2026-05-14 14:00:00+05:30,188.84,189.75,188.79,189.6,284998,0
2026-05-14 14:05:00+05:30,189.6,189.85,189.5,189.7,193252,0
2026-05-14 14:10:00+05:30,189.76,189.89,189.55,189.79,221650,0
2026-05-14 14:15:00+05:30,189.8,189.8,189.65,189.7,159682,0
2026-05-14 14:20:00+05:30,189.7,189.78,189.55,189.58,190667,0
2026-05-14 14:25:00+05:30,189.58,189.74,189.44,189.66,182808,0
2026-05-14 14:30:00+05:30,189.7,189.95,189.66,189.78,189915,0
2026-05-14 14:35:00+05:30,189.77,189.83,189.47,189.53,139896,0
2026-05-14 14:40:00+05:30,189.52,189.68,189.3,189.59,210788,0
2026-05-14 14:45:00+05:30,189.61,189.76,189.31,189.74,262444,0
2026-05-14 14:50:00+05:30,189.76,190.15,189.65,190.05,420629,0
2026-05-14 14:55:00+05:30,190.13,190.18,189.31,189.4,340214,0
2026-05-14 15:00:00+05:30,189.42,189.42,188.3,188.4,507053,0
2026-05-14 15:05:00+05:30,188.4,188.44,188.01,188.11,338050,0
2026-05-14 15:10:00+05:30,188.17,188.37,188.1,188.23,330608,0
2026-05-14 15:15:00+05:30,188.23,188.38,188.0,188.15,400481,0
2026-05-14 15:20:00+05:30,188.14,188.24,188.0,188.16,464960,0
2026-05-14 15:25:00+05:30,188.16,188.47,188.0,188.1,562575,0
2026-05-15 09:15:00+05:30,189.9,191.2,188.8,190.85,985710,0
2026-05-15 09:20:00+05:30,190.85,191.72,190.41,191.71,571393,0
2026-05-15 09:25:00+05:30,191.74,191.9,191.14,191.37,636307,0
2026-05-15 09:30:00+05:30,191.37,191.37,190.4,190.72,600548,0
2026-05-15 09:35:00+05:30,190.72,191.0,190.26,190.73,374094,0
2026-05-15 09:40:00+05:30,190.73,190.85,190.34,190.85,323016,0
2026-05-15 09:45:00+05:30,190.85,191.2,190.7,190.86,261024,0
2026-05-15 09:50:00+05:30,190.86,191.22,190.78,191.22,397693,0
2026-05-15 09:55:00+05:30,191.22,191.54,191.01,191.06,370967,0
2026-05-15 10:00:00+05:30,191.13,191.2,190.8,191.18,251526,0
2026-05-15 10:05:00+05:30,191.18,191.3,190.58,190.84,223058,0
2026-05-15 10:10:00+05:30,190.82,190.96,190.59,190.95,186401,0
2026-05-15 10:15:00+05:30,190.95,191.14,190.6,190.77,114112,0
2026-05-15 10:20:00+05:30,190.79,191.1,190.7,191.1,120322,0
2026-05-15 10:25:00+05:30,191.1,191.1,190.76,190.86,102364,0
2026-05-15 10:30:00+05:30,190.85,190.98,190.56,190.91,100126,0
2026-05-15 10:35:00+05:30,190.91,190.97,190.69,190.81,95168,0
2026-05-15 10:40:00+05:30,190.8,191.1,190.67,191.1,111628,0
2026-05-15 10:45:00+05:30,191.1,191.47,191.09,191.39,173376,0
2026-05-15 10:50:00+05:30,191.4,191.49,191.2,191.31,122440,0
2026-05-15 10:55:00+05:30,191.31,191.35,191.0,191.13,129639,0
2026-05-15 11:00:00+05:30,191.13,191.18,190.85,190.87,88124,0
2026-05-15 11:05:00+05:30,190.92,190.92,190.18,190.33,252237,0
2026-05-15 11:10:00+05:30,190.33,190.44,189.9,190.1,422543,0
2026-05-15 11:15:00+05:30,190.16,190.2,189.8,190.18,178618,0
2026-05-15 11:20:00+05:30,190.18,190.38,190.0,190.17,113569,0
2026-05-15 11:25:00+05:30,190.17,190.3,189.9,190.17,154185,0
2026-05-15 11:30:00+05:30,190.17,190.2,189.93,190.1,154652,0
2026-05-15 11:35:00+05:30,190.1,190.33,190.04,190.21,177358,0
2026-05-15 11:40:00+05:30,190.24,190.35,190.13,190.3,85681,0
2026-05-15 11:45:00+05:30,190.3,190.49,190.2,190.34,150122,0
2026-05-15 11:50:00+05:30,190.34,190.34,190.09,190.15,109234,0
2026-05-15 11:55:00+05:30,190.16,190.29,190.05,190.25,72264,0
2026-05-15 12:00:00+05:30,190.26,190.51,190.18,190.43,97973,0
2026-05-15 12:05:00+05:30,190.43,190.6,190.3,190.39,133019,0
2026-05-15 12:10:00+05:30,190.37,190.4,190.25,190.31,38501,0
2026-05-15 12:15:00+05:30,190.31,190.4,190.16,190.23,60921,0
2026-05-15 12:20:00+05:30,190.23,190.27,190.0,190.1,92701,0
2026-05-15 12:25:00+05:30,190.12,190.2,189.9,189.98,113221,0
2026-05-15 12:30:00+05:30,189.98,190.15,189.9,190.12,98185,0
2026-05-15 12:35:00+05:30,190.1,190.27,190.03,190.23,79367,0
2026-05-15 12:40:00+05:30,190.25,190.5,190.2,190.44,80787,0
2026-05-15 12:45:00+05:30,190.44,190.5,190.2,190.45,97991,0
2026-05-15 12:50:00+05:30,190.44,190.5,190.27,190.44,86393,0
2026-05-15 12:55:00+05:30,190.44,190.57,190.35,190.45,66123,0
2026-05-15 13:00:00+05:30,190.45,190.48,190.25,190.26,57964,0
2026-05-15 13:05:00+05:30,190.26,190.5,190.26,190.32,67726,0
2026-05-15 13:10:00+05:30,190.46,190.68,190.41,190.65,108579,0
2026-05-15 13:15:00+05:30,190.65,190.8,190.6,190.7,83182,0
2026-05-15 13:20:00+05:30,190.71,190.8,190.5,190.74,95387,0
2026-05-15 13:25:00+05:30,190.74,190.74,190.45,190.59,73217,0
2026-05-15 13:30:00+05:30,190.59,190.65,190.35,190.46,95244,0
2026-05-15 13:35:00+05:30,190.46,190.59,190.34,190.43,130938,0
2026-05-15 13:40:00+05:30,190.43,190.49,190.22,190.34,99736,0
2026-05-15 13:45:00+05:30,190.33,190.45,190.01,190.14,163859,0
2026-05-15 13:50:00+05:30,190.14,190.34,189.91,190.32,217607,0
2026-05-15 13:55:00+05:30,190.32,190.35,190.02,190.15,92523,0
2026-05-15 14:00:00+05:30,190.13,190.14,189.86,189.88,142926,0
2026-05-15 14:05:00+05:30,189.88,189.99,189.67,189.99,128726,0
2026-05-15 14:10:00+05:30,189.98,190.13,189.82,189.92,248189,0
2026-05-15 14:15:00+05:30,189.97,190.09,189.8,190.01,100575,0
2026-05-15 14:20:00+05:30,190.01,190.09,189.86,189.96,79969,0
2026-05-15 14:25:00+05:30,189.97,190.02,189.5,189.61,175936,0
2026-05-15 14:30:00+05:30,189.66,189.8,189.4,189.75,166544,0
2026-05-15 14:35:00+05:30,189.77,189.78,189.42,189.67,125676,0
2026-05-15 14:40:00+05:30,189.7,189.94,189.58,189.68,183149,0
2026-05-15 14:45:00+05:30,189.71,189.73,189.27,189.3,237170,0
2026-05-15 14:50:00+05:30,189.3,189.48,189.15,189.39,301240,0
2026-05-15 14:55:00+05:30,189.39,189.92,189.19,189.83,381242,0
2026-05-15 15:00:00+05:30,189.8,190.34,189.46,190.31,873987,0
2026-05-15 15:05:00+05:30,190.34,190.43,189.98,189.98,921696,0
2026-05-15 15:10:00+05:30,190.06,190.1,189.7,189.75,804386,0
2026-05-15 15:15:00+05:30,189.79,189.9,189.54,189.8,694856,0
2026-05-15 15:20:00+05:30,189.8,190.0,189.69,189.89,1014479,0
2026-05-15 15:25:00+05:30,189.82,190.56,189.81,190.29,778102,0
2026-05-18 09:15:00+05:30,190.99,191.7,189.8,191.15,1588959,0
2026-05-18 09:20:00+05:30,191.08,191.5,190.6,191.05,563675,0
2026-05-18 09:25:00+05:30,191.05,191.19,190.11,190.21,376699,0
2026-05-18 09:30:00+05:30,190.21,190.6,190.0,190.04,306557,0
2026-05-18 09:35:00+05:30,190.04,190.16,189.7,189.95,367797,0
2026-05-18 09:40:00+05:30,189.9,190.3,189.88,190.1,193709,0
2026-05-18 09:45:00+05:30,190.1,190.2,189.85,190.03,173547,0
2026-05-18 09:50:00+05:30,190.06,190.09,189.7,189.75,179990,0
2026-05-18 09:55:00+05:30,189.75,189.95,189.56,189.7,155816,0
2026-05-18 10:00:00+05:30,189.7,189.89,189.6,189.74,154902,0
2026-05-18 10:05:00+05:30,189.76,189.77,189.25,189.38,211476,0
2026-05-18 10:10:00+05:30,189.38,189.53,189.2,189.39,151115,0
2026-05-18 10:15:00+05:30,189.38,189.89,189.31,189.89,112714,0
2026-05-18 10:20:00+05:30,189.9,189.92,189.5,189.61,144897,0
2026-05-18 10:25:00+05:30,189.66,189.67,189.4,189.48,166234,0
2026-05-18 10:30:00+05:30,189.5,189.78,189.3,189.7,132768,0
2026-05-18 10:35:00+05:30,189.7,190.44,189.7,190.41,170426,0
2026-05-18 10:40:00+05:30,190.41,190.43,189.97,190.04,186528,0
2026-05-18 10:45:00+05:30,190.04,190.22,189.86,190.21,384448,0
2026-05-18 10:50:00+05:30,190.21,190.72,190.21,190.59,196950,0
2026-05-18 10:55:00+05:30,190.51,191.18,190.51,191.05,254353,0
2026-05-18 11:00:00+05:30,191.05,191.25,190.71,190.82,227176,0
2026-05-18 11:05:00+05:30,190.79,190.91,190.51,190.6,92107,0
2026-05-18 11:10:00+05:30,190.63,190.74,190.46,190.55,95475,0
2026-05-18 11:15:00+05:30,190.57,190.57,190.2,190.31,98267,0
2026-05-18 11:20:00+05:30,190.31,190.75,190.21,190.7,90007,0
2026-05-18 11:25:00+05:30,190.71,190.97,190.62,190.77,131239,0
2026-05-18 11:30:00+05:30,190.78,191.04,190.65,190.85,139086,0
2026-05-18 11:35:00+05:30,190.84,190.95,190.63,190.94,62477,0
2026-05-18 11:40:00+05:30,190.94,190.95,190.7,190.9,107418,0
2026-05-18 11:45:00+05:30,190.9,190.99,190.63,190.71,77816,0
2026-05-18 11:50:00+05:30,190.71,190.99,190.64,190.94,66851,0
2026-05-18 11:55:00+05:30,190.94,190.95,190.65,190.7,63616,0
2026-05-18 12:00:00+05:30,190.7,190.99,190.6,190.93,93713,0
2026-05-18 12:05:00+05:30,190.93,191.25,190.89,191.25,202429,0
2026-05-18 12:10:00+05:30,191.25,191.95,191.2,191.94,355745,0
2026-05-18 12:15:00+05:30,191.95,192.29,191.55,191.69,361276,0
2026-05-18 12:20:00+05:30,191.69,191.8,191.51,191.63,138869,0
2026-05-18 12:25:00+05:30,191.63,191.8,191.6,191.7,101565,0
2026-05-18 12:30:00+05:30,191.7,192.2,191.63,192.09,221863,0
2026-05-18 12:35:00+05:30,192.09,192.4,191.9,192.37,214224,0
2026-05-18 12:40:00+05:30,192.38,192.48,191.8,191.86,280978,0
2026-05-18 12:45:00+05:30,191.86,191.92,191.7,191.72,117968,0
2026-05-18 12:50:00+05:30,191.74,191.97,191.71,191.9,121105,0
2026-05-18 12:55:00+05:30,191.9,192.04,191.85,191.92,145543,0
2026-05-18 13:00:00+05:30,191.94,192.34,191.92,192.18,160009,0
2026-05-18 13:05:00+05:30,192.15,192.18,191.69,191.7,182615,0
2026-05-18 13:10:00+05:30,191.69,191.83,191.61,191.8,242387,0
2026-05-18 13:15:00+05:30,191.84,191.87,191.66,191.68,156437,0
2026-05-18 13:20:00+05:30,191.74,191.95,191.7,191.9,200906,0
2026-05-18 13:25:00+05:30,191.9,192.15,191.75,191.82,280663,0
2026-05-18 13:30:00+05:30,191.85,191.97,191.3,191.36,211547,0
2026-05-18 13:35:00+05:30,191.37,191.65,191.31,191.6,129864,0
2026-05-18 13:40:00+05:30,191.6,191.78,191.55,191.74,210883,0
2026-05-18 13:45:00+05:30,191.74,191.76,191.51,191.7,84665,0
2026-05-18 13:50:00+05:30,191.7,191.77,191.62,191.75,56089,0
2026-05-18 13:55:00+05:30,191.75,192.0,191.72,191.92,118597,0
2026-05-18 14:00:00+05:30,191.95,191.95,191.54,191.76,116935,0
2026-05-18 14:05:00+05:30,191.76,191.8,191.5,191.54,92520,0
2026-05-18 14:10:00+05:30,191.54,191.88,191.51,191.71,96348,0
2026-05-18 14:15:00+05:30,191.72,191.8,191.5,191.66,132805,0
2026-05-18 14:20:00+05:30,191.74,191.8,191.41,191.41,93204,0
2026-05-18 14:25:00+05:30,191.41,191.8,191.36,191.7,166976,0
2026-05-18 14:30:00+05:30,191.72,191.85,191.61,191.7,90166,0
2026-05-18 14:35:00+05:30,191.7,191.78,191.61,191.62,79024,0
2026-05-18 14:40:00+05:30,191.63,191.88,191.58,191.81,96029,0
2026-05-18 14:45:00+05:30,191.83,191.94,191.7,191.76,112035,0
2026-05-18 14:50:00+05:30,191.84,191.85,191.6,191.64,95234,0
2026-05-18 14:55:00+05:30,191.7,191.87,191.6,191.65,131440,0
2026-05-18 15:00:00+05:30,191.65,192.3,191.65,192.01,452115,0
2026-05-18 15:05:00+05:30,192.03,192.16,191.81,191.88,376926,0
2026-05-18 15:10:00+05:30,191.88,192.12,191.81,192.0,322705,0
2026-05-18 15:15:00+05:30,192.0,192.25,192.0,192.19,372081,0
2026-05-18 15:20:00+05:30,192.18,192.75,192.03,192.25,917641,0
2026-05-18 15:25:00+05:30,192.25,192.7,191.91,192.49,766250,0
2026-05-19 09:15:00+05:30,192.4,196.8,192.4,196.6,1954587,0
2026-05-19 09:20:00+05:30,196.67,198.0,196.25,196.9,1956875,0
2026-05-19 09:25:00+05:30,196.9,196.92,195.74,196.65,804776,0
2026-05-19 09:30:00+05:30,196.69,197.09,196.29,196.29,688118,0
2026-05-19 09:35:00+05:30,196.28,196.81,196.05,196.45,498629,0
2026-05-19 09:40:00+05:30,196.5,196.82,196.22,196.74,270801,0
2026-05-19 09:45:00+05:30,196.74,196.79,196.32,196.35,251907,0
2026-05-19 09:50:00+05:30,196.35,196.58,196.3,196.55,173911,0
2026-05-19 09:55:00+05:30,196.55,196.75,196.1,196.1,228779,0
2026-05-19 10:00:00+05:30,196.11,196.38,195.81,195.91,243322,0
2026-05-19 10:05:00+05:30,195.91,196.27,195.8,196.1,196745,0
2026-05-19 10:10:00+05:30,196.1,196.23,196.04,196.11,162326,0
2026-05-19 10:15:00+05:30,196.13,196.48,196.05,196.3,243530,0
2026-05-19 10:20:00+05:30,196.3,196.4,196.27,196.35,131752,0
2026-05-19 10:25:00+05:30,196.38,196.58,196.18,196.45,212208,0
2026-05-19 10:30:00+05:30,196.45,196.9,196.45,196.8,187519,0
2026-05-19 10:35:00+05:30,196.83,197.6,196.8,197.34,412335,0
2026-05-19 10:40:00+05:30,197.34,197.99,197.11,197.83,431411,0
2026-05-19 10:45:00+05:30,197.83,197.83,197.3,197.34,243067,0
2026-05-19 10:50:00+05:30,197.34,197.35,197.05,197.18,217954,0
2026-05-19 10:55:00+05:30,197.18,197.45,197.08,197.32,144470,0
2026-05-19 11:00:00+05:30,197.31,197.64,197.2,197.55,235739,0
2026-05-19 11:05:00+05:30,197.55,197.65,197.44,197.6,117167,0
2026-05-19 11:10:00+05:30,197.6,197.9,197.56,197.71,207560,0
2026-05-19 11:15:00+05:30,197.76,197.95,197.5,197.7,194255,0
2026-05-19 11:20:00+05:30,197.72,197.73,197.5,197.58,118784,0
2026-05-19 11:25:00+05:30,197.58,197.6,197.02,197.33,158512,0
2026-05-19 11:30:00+05:30,197.33,197.33,196.8,196.91,234214,0
2026-05-19 11:35:00+05:30,196.95,196.97,196.36,196.75,358635,0
2026-05-19 11:40:00+05:30,196.75,196.89,196.61,196.77,156007,0
2026-05-19 11:45:00+05:30,196.77,196.77,196.61,196.65,92802,0
2026-05-19 11:50:00+05:30,196.65,196.65,196.45,196.5,117846,0
2026-05-19 11:55:00+05:30,196.53,196.65,196.36,196.46,112645,0
2026-05-19 12:00:00+05:30,196.47,196.49,196.1,196.1,190261,0
2026-05-19 12:05:00+05:30,196.13,196.16,196.0,196.02,216584,0
2026-05-19 12:10:00+05:30,196.02,196.11,195.86,195.86,177603,0
2026-05-19 12:15:00+05:30,195.89,195.89,195.75,195.82,148452,0
2026-05-19 12:20:00+05:30,195.82,195.91,195.6,195.6,157913,0
2026-05-19 12:25:00+05:30,195.65,195.78,195.56,195.72,109454,0
2026-05-19 12:30:00+05:30,195.73,195.96,195.67,195.86,112583,0
2026-05-19 12:35:00+05:30,195.86,195.99,195.51,195.92,191848,0
2026-05-19 12:40:00+05:30,195.93,196.1,195.78,195.78,120424,0
2026-05-19 12:45:00+05:30,195.83,195.9,195.6,195.6,125333,0
2026-05-19 12:50:00+05:30,195.62,195.62,195.4,195.54,171824,0
2026-05-19 12:55:00+05:30,195.53,195.71,195.43,195.55,102513,0
2026-05-19 13:00:00+05:30,195.63,195.63,195.4,195.49,137728,0
2026-05-19 13:05:00+05:30,195.48,195.63,195.4,195.61,92709,0
2026-05-19 13:10:00+05:30,195.63,195.66,195.35,195.38,116609,0
2026-05-19 13:15:00+05:30,195.41,195.72,195.36,195.6,130009,0
2026-05-19 13:20:00+05:30,195.64,195.64,195.44,195.49,95615,0
2026-05-19 13:25:00+05:30,195.49,195.57,195.38,195.45,109248,0
2026-05-19 13:30:00+05:30,195.49,195.72,195.45,195.5,90909,0
2026-05-19 13:35:00+05:30,195.51,195.52,195.2,195.23,174664,0
2026-05-19 13:40:00+05:30,195.29,195.39,195.14,195.21,110795,0
2026-05-19 13:45:00+05:30,195.27,195.43,195.2,195.36,83946,0
2026-05-19 13:50:00+05:30,195.38,195.38,195.05,195.14,477241,0
2026-05-19 13:55:00+05:30,195.14,195.3,195.06,195.21,157086,0
2026-05-19 14:00:00+05:30,195.23,195.57,195.21,195.43,324048,0
2026-05-19 14:05:00+05:30,195.43,195.63,195.35,195.51,134134,0
2026-05-19 14:10:00+05:30,195.51,195.63,195.41,195.56,142634,0
2026-05-19 14:15:00+05:30,195.56,195.77,195.51,195.62,116298,0
2026-05-19 14:20:00+05:30,195.62,195.64,195.41,195.52,103892,0
2026-05-19 14:25:00+05:30,195.56,195.65,195.5,195.51,89103,0
2026-05-19 14:30:00+05:30,195.55,195.55,195.41,195.5,84314,0
2026-05-19 14:35:00+05:30,195.5,195.57,195.25,195.54,133302,0
2026-05-19 14:40:00+05:30,195.54,195.74,195.42,195.45,166086,0
2026-05-19 14:45:00+05:30,195.46,195.47,195.22,195.41,203777,0
2026-05-19 14:50:00+05:30,195.44,195.55,195.4,195.45,163952,0
2026-05-19 14:55:00+05:30,195.48,195.54,195.3,195.47,407780,0
2026-05-19 15:00:00+05:30,195.47,195.56,195.12,195.18,532271,0
2026-05-19 15:05:00+05:30,195.19,195.36,195.1,195.21,415030,0
2026-05-19 15:10:00+05:30,195.22,195.25,195.06,195.15,442754,0
2026-05-19 15:15:00+05:30,195.15,195.26,195.05,195.09,570743,0
2026-05-19 15:20:00+05:30,195.09,195.25,195.01,195.17,705009,0
2026-05-19 15:25:00+05:30,195.11,195.62,195.1,195.5,431762,0
2026-05-20 09:15:00+05:30,194.61,195.72,194.01,195.64,1344008,0
2026-05-20 09:20:00+05:30,195.64,195.68,194.55,194.84,889982,0
2026-05-20 09:25:00+05:30,194.76,195.49,194.76,195.36,447556,0
2026-05-20 09:30:00+05:30,195.35,195.67,195.3,195.4,234065,0
2026-05-20 09:35:00+05:30,195.4,195.79,195.3,195.74,212937,0
2026-05-20 09:40:00+05:30,195.75,195.83,195.1,195.44,295973,0
2026-05-20 09:45:00+05:30,195.4,195.87,195.27,195.76,186408,0
2026-05-20 09:50:00+05:30,195.75,196.09,195.72,195.95,233586,0
2026-05-20 09:55:00+05:30,195.91,196.2,195.85,195.99,284213,0
2026-05-20 10:00:00+05:30,195.97,196.17,195.62,195.76,185516,0
2026-05-20 10:05:00+05:30,195.75,195.95,195.5,195.85,161131,0
2026-05-20 10:10:00+05:30,195.85,195.95,195.58,195.64,117531,0
2026-05-20 10:15:00+05:30,195.66,195.92,195.62,195.67,138833,0
2026-05-20 10:20:00+05:30,195.67,195.8,195.16,195.31,279041,0
2026-05-20 10:25:00+05:30,195.24,195.7,195.16,195.7,127614,0
2026-05-20 10:30:00+05:30,195.62,195.99,195.61,195.97,169135,0
2026-05-20 10:35:00+05:30,195.99,195.99,195.71,195.85,118413,0
2026-05-20 10:40:00+05:30,195.85,196.0,195.74,195.87,132125,0
2026-05-20 10:45:00+05:30,195.87,195.94,195.7,195.82,81715,0
2026-05-20 10:50:00+05:30,195.83,196.15,195.83,196.15,102323,0
2026-05-20 10:55:00+05:30,196.15,196.45,196.11,196.43,159103,0
2026-05-20 11:00:00+05:30,196.45,196.65,196.3,196.41,146497,0
2026-05-20 11:05:00+05:30,196.41,196.45,196.26,196.41,101026,0
2026-05-20 11:10:00+05:30,196.41,196.46,196.21,196.24,93672,0
2026-05-20 11:15:00+05:30,196.24,196.24,196.01,196.12,90457,0
2026-05-20 11:20:00+05:30,196.14,196.32,196.05,196.11,91418,0
2026-05-20 11:25:00+05:30,196.11,196.18,196.01,196.11,78852,0
2026-05-20 11:30:00+05:30,196.11,196.21,195.85,196.16,156698,0
2026-05-20 11:35:00+05:30,196.22,196.43,196.11,196.24,129297,0
2026-05-20 11:40:00+05:30,196.32,196.55,196.2,196.45,150145,0
2026-05-20 11:45:00+05:30,196.45,196.93,196.44,196.92,210944,0
2026-05-20 11:50:00+05:30,196.91,196.96,196.73,196.82,104293,0
2026-05-20 11:55:00+05:30,196.82,196.9,196.55,196.8,199121,0
2026-05-20 12:00:00+05:30,196.8,196.85,196.56,196.65,127894,0
2026-05-20 12:05:00+05:30,196.63,196.87,196.63,196.84,88040,0
2026-05-20 12:10:00+05:30,196.85,196.87,196.68,196.83,98662,0
2026-05-20 12:15:00+05:30,196.84,196.95,196.73,196.92,116527,0
2026-05-20 12:20:00+05:30,196.91,197.0,196.8,196.92,100703,0
2026-05-20 12:25:00+05:30,196.92,196.97,196.81,196.87,74809,0
2026-05-20 12:30:00+05:30,196.87,197.09,196.83,196.92,172630,0
2026-05-20 12:35:00+05:30,196.9,196.95,196.7,196.78,102004,0
2026-05-20 12:40:00+05:30,196.8,196.82,196.66,196.72,86907,0
2026-05-20 12:45:00+05:30,196.72,196.8,196.66,196.79,95603,0
2026-05-20 12:50:00+05:30,196.75,197.02,196.71,196.99,166133,0
2026-05-20 12:55:00+05:30,197.03,197.05,196.88,197.03,100562,0
2026-05-20 13:00:00+05:30,196.98,197.03,196.88,196.97,94160,0
2026-05-20 13:05:00+05:30,196.95,197.0,196.66,196.88,95050,0
2026-05-20 13:10:00+05:30,196.87,197.0,196.75,196.82,83458,0
2026-05-20 13:15:00+05:30,196.88,196.9,196.75,196.83,96828,0
2026-05-20 13:20:00+05:30,196.81,196.9,196.42,196.52,153278,0
2026-05-20 13:25:00+05:30,196.53,196.68,196.21,196.29,155596,0
2026-05-20 13:30:00+05:30,196.29,196.89,196.28,196.87,166668,0
2026-05-20 13:35:00+05:30,196.87,197.31,196.83,197.08,183231,0
2026-05-20 13:40:00+05:30,197.09,197.18,196.89,196.92,120298,0
2026-05-20 13:45:00+05:30,196.94,197.0,196.88,196.96,88117,0
2026-05-20 13:50:00+05:30,196.96,197.09,196.87,197.09,135996,0
2026-05-20 13:55:00+05:30,197.09,197.17,197.0,197.1,93094,0
2026-05-20 14:00:00+05:30,197.1,197.4,197.06,197.4,163351,0
2026-05-20 14:05:00+05:30,197.4,197.67,197.35,197.67,213421,0
2026-05-20 14:10:00+05:30,197.67,197.8,197.35,197.36,180931,0
2026-05-20 14:15:00+05:30,197.39,197.58,197.27,197.4,145194,0
2026-05-20 14:20:00+05:30,197.4,197.77,197.32,197.6,257872,0
2026-05-20 14:25:00+05:30,197.69,197.94,197.59,197.88,237907,0
2026-05-20 14:30:00+05:30,197.89,197.92,197.65,197.73,209462,0
2026-05-20 14:35:00+05:30,197.73,197.8,197.46,197.63,322802,0
2026-05-20 14:40:00+05:30,197.61,197.74,197.45,197.58,184472,0
2026-05-20 14:45:00+05:30,197.58,197.61,197.46,197.48,101638,0
2026-05-20 14:50:00+05:30,197.48,197.5,197.25,197.28,327202,0
2026-05-20 14:55:00+05:30,197.3,197.4,197.25,197.29,194317,0
2026-05-20 15:00:00+05:30,197.29,197.29,196.85,197.28,486714,0
2026-05-20 15:05:00+05:30,197.3,197.63,197.2,197.63,259543,0
2026-05-20 15:10:00+05:30,197.6,197.66,197.5,197.5,288737,0
2026-05-20 15:15:00+05:30,197.58,197.6,197.24,197.29,563483,0
2026-05-20 15:20:00+05:30,197.29,197.38,196.73,196.9,950187,0
2026-05-20 15:25:00+05:30,196.96,197.25,196.8,197.2,853017,0
2026-05-21 09:15:00+05:30,198.5,198.98,198.08,198.4,976378,0
2026-05-21 09:20:00+05:30,198.43,198.55,197.66,198.02,516888,0
2026-05-21 09:25:00+05:30,198.08,198.2,197.8,198.18,270523,0
2026-05-21 09:30:00+05:30,198.2,198.45,197.9,197.95,234336,0
2026-05-21 09:35:00+05:30,197.99,198.3,197.85,198.26,197012,0
2026-05-21 09:40:00+05:30,198.26,198.3,197.84,197.91,154224,0
2026-05-21 09:45:00+05:30,197.95,198.14,197.85,198.14,383450,0
2026-05-21 09:50:00+05:30,198.14,199.08,198.14,198.9,408056,0
2026-05-21 09:55:00+05:30,198.9,198.94,198.6,198.62,164613,0
2026-05-21 10:00:00+05:30,198.65,198.9,198.57,198.82,180621,0
2026-05-21 10:05:00+05:30,198.82,199.06,198.7,198.76,225441,0
2026-05-21 10:10:00+05:30,198.76,198.9,198.4,198.46,219492,0
2026-05-21 10:15:00+05:30,198.52,198.66,198.28,198.43,143666,0
2026-05-21 10:20:00+05:30,198.43,198.5,198.25,198.29,155513,0
2026-05-21 10:25:00+05:30,198.29,198.29,197.88,197.93,236120,0
2026-05-21 10:30:00+05:30,197.95,198.02,197.56,197.65,209198,0
2026-05-21 10:35:00+05:30,197.65,197.7,197.5,197.61,220175,0
2026-05-21 10:40:00+05:30,197.61,198.16,197.51,198.08,160002,0
2026-05-21 10:45:00+05:30,198.1,198.5,198.0,198.46,132009,0
2026-05-21 10:50:00+05:30,198.46,198.83,198.45,198.71,169818,0
2026-05-21 10:55:00+05:30,198.76,198.85,198.5,198.85,134532,0
2026-05-21 11:00:00+05:30,198.84,199.15,198.82,199.08,386358,0
2026-05-21 11:05:00+05:30,199.06,199.25,198.96,199.22,175342,0
2026-05-21 11:10:00+05:30,199.22,199.33,199.11,199.21,194033,0
2026-05-21 11:15:00+05:30,199.27,199.27,198.65,199.05,291960,0
2026-05-21 11:20:00+05:30,199.05,199.05,198.8,199.0,123534,0
2026-05-21 11:25:00+05:30,199.03,199.1,198.8,198.84,123631,0
2026-05-21 11:30:00+05:30,198.93,198.93,198.72,198.85,94027,0
2026-05-21 11:35:00+05:30,198.85,199.2,198.84,199.11,129040,0
2026-05-21 11:40:00+05:30,199.11,199.2,199.01,199.07,94111,0
2026-05-21 11:45:00+05:30,199.07,199.09,198.81,199.03,174737,0
2026-05-21 11:50:00+05:30,199.03,199.25,198.94,199.2,159592,0
2026-05-21 11:55:00+05:30,199.2,199.32,199.13,199.28,169400,0
2026-05-21 12:00:00+05:30,199.29,199.4,199.26,199.36,147127,0
2026-05-21 12:05:00+05:30,199.39,199.45,199.31,199.34,149359,0
2026-05-21 12:10:00+05:30,199.36,199.4,199.1,199.15,145222,0
2026-05-21 12:15:00+05:30,199.17,199.34,199.1,199.19,96808,0
2026-05-21 12:20:00+05:30,199.19,199.2,199.05,199.06,103648,0
2026-05-21 12:25:00+05:30,199.1,199.2,198.8,199.04,316638,0
2026-05-21 12:30:00+05:30,199.04,199.24,198.92,199.2,159160,0
2026-05-21 12:35:00+05:30,199.18,199.25,198.65,198.76,218868,0
2026-05-21 12:40:00+05:30,198.75,198.98,198.67,198.98,155043,0
2026-05-21 12:45:00+05:30,198.98,199.18,198.82,199.03,151987,0
2026-05-21 12:50:00+05:30,199.09,199.2,199.0,199.1,127323,0
2026-05-21 12:55:00+05:30,199.1,199.1,198.96,199.01,106050,0
2026-05-21 13:00:00+05:30,199.02,199.09,198.81,199.09,145809,0
2026-05-21 13:05:00+05:30,199.1,199.19,199.0,199.15,105126,0
2026-05-21 13:10:00+05:30,199.15,199.17,199.0,199.03,104653,0
2026-05-21 13:15:00+05:30,199.03,199.28,198.95,199.25,207017,0
2026-05-21 13:20:00+05:30,199.28,199.55,199.25,199.5,291648,0
2026-05-21 13:25:00+05:30,199.5,199.5,199.23,199.3,171871,0
2026-05-21 13:30:00+05:30,199.3,199.62,199.2,199.57,228605,0
2026-05-21 13:35:00+05:30,199.57,199.64,199.33,199.38,157631,0
2026-05-21 13:40:00+05:30,199.38,199.6,199.25,199.55,155493,0
2026-05-21 13:45:00+05:30,199.55,199.57,199.4,199.45,110241,0
2026-05-21 13:50:00+05:30,199.47,199.64,199.4,199.6,209022,0
2026-05-21 13:55:00+05:30,199.61,199.94,199.56,199.92,303418,0
2026-05-21 14:00:00+05:30,199.92,199.94,199.81,199.89,138909,0
2026-05-21 14:05:00+05:30,199.9,200.0,199.86,199.9,261003,0
2026-05-21 14:10:00+05:30,199.9,199.9,199.62,199.76,384594,0
2026-05-21 14:15:00+05:30,199.77,199.9,199.5,199.56,218132,0
2026-05-21 14:20:00+05:30,199.56,199.67,199.33,199.63,270597,0
2026-05-21 14:25:00+05:30,199.66,199.73,199.5,199.65,530098,0
2026-05-21 14:30:00+05:30,199.61,199.66,199.4,199.58,310345,0
2026-05-21 14:35:00+05:30,199.58,199.62,199.33,199.4,220621,0
2026-05-21 14:40:00+05:30,199.4,199.46,199.01,199.16,289224,0
2026-05-21 14:45:00+05:30,199.18,199.56,199.18,199.46,201765,0
2026-05-21 14:50:00+05:30,199.46,199.79,199.42,199.55,298110,0
2026-05-21 14:55:00+05:30,199.55,199.88,199.5,199.82,437906,0
2026-05-21 15:00:00+05:30,199.88,199.97,199.68,199.87,377707,0
2026-05-21 15:05:00+05:30,199.87,199.95,199.6,199.72,591388,0
2026-05-21 15:10:00+05:30,199.78,200.0,199.63,199.7,778370,0
2026-05-21 15:15:00+05:30,199.7,200.04,199.5,199.56,836578,0
2026-05-21 15:20:00+05:30,199.56,199.73,199.44,199.54,607169,0
2026-05-21 15:25:00+05:30,199.55,199.7,199.4,199.51,540092,0
2026-05-22 09:15:00+05:30,200.0,200.2,198.83,199.79,1250235,0
2026-05-22 09:20:00+05:30,199.89,200.07,199.24,199.4,809727,0
2026-05-22 09:25:00+05:30,199.44,199.7,198.83,199.1,499534,0
2026-05-22 09:30:00+05:30,199.14,200.5,199.11,200.4,1006070,0
2026-05-22 09:35:00+05:30,200.39,200.5,200.07,200.32,570263,0
2026-05-22 09:40:00+05:30,200.32,200.37,199.82,200.24,302895,0
2026-05-22 09:45:00+05:30,200.3,200.35,200.0,200.06,283537,0
2026-05-22 09:50:00+05:30,200.05,200.58,200.01,200.58,509153,0
2026-05-22 09:55:00+05:30,200.58,200.94,200.46,200.83,331125,0
2026-05-22 10:00:00+05:30,200.84,200.9,200.6,200.79,165341,0
2026-05-22 10:05:00+05:30,200.77,200.97,200.61,200.93,199021,0
2026-05-22 10:10:00+05:30,200.88,201.2,200.8,200.9,503641,0
2026-05-22 10:15:00+05:30,200.9,201.29,200.77,201.25,315377,0
2026-05-22 10:20:00+05:30,201.28,201.87,201.2,201.8,466607,0
2026-05-22 10:25:00+05:30,201.8,202.55,201.8,202.49,661474,0
2026-05-22 10:30:00+05:30,202.49,202.98,202.19,202.65,444088,0
2026-05-22 10:35:00+05:30,202.65,203.05,202.64,202.88,508920,0
2026-05-22 10:40:00+05:30,202.9,203.59,202.9,203.28,658032,0
2026-05-22 10:45:00+05:30,203.21,203.45,203.0,203.0,360295,0
2026-05-22 10:50:00+05:30,203.0,203.23,202.84,203.13,321488,0
2026-05-22 10:55:00+05:30,203.14,203.4,203.05,203.2,280857,0
2026-05-22 11:00:00+05:30,203.2,203.3,202.9,203.29,460640,0
2026-05-22 11:05:00+05:30,203.29,203.47,203.1,203.41,274420,0
2026-05-22 11:10:00+05:30,203.41,203.49,203.24,203.44,262656,0
2026-05-22 11:15:00+05:30,203.44,203.55,203.24,203.33,395802,0
2026-05-22 11:20:00+05:30,203.35,203.9,203.25,203.89,498048,0
2026-05-22 11:25:00+05:30,203.88,204.19,203.75,204.16,725115,0
2026-05-22 11:30:00+05:30,204.15,204.71,204.02,204.49,671957,0
2026-05-22 11:35:00+05:30,204.49,205.0,204.4,204.94,955044,0
2026-05-22 11:40:00+05:30,204.93,205.3,204.82,205.01,1239297,0
2026-05-22 11:45:00+05:30,205.05,205.2,204.28,204.38,828545,0
2026-05-22 11:50:00+05:30,204.31,204.72,204.25,204.4,579446,0
2026-05-22 11:55:00+05:30,204.4,204.56,204.05,204.2,513081,0
2026-05-22 12:00:00+05:30,204.2,204.23,203.65,204.12,528729,0
2026-05-22 12:05:00+05:30,204.12,204.34,203.78,203.99,491220,0
2026-05-22 12:10:00+05:30,203.99,204.3,203.9,204.26,370598,0
2026-05-22 12:15:00+05:30,204.27,204.5,204.23,204.32,340023,0
2026-05-22 12:20:00+05:30,204.35,204.55,204.24,204.39,229679,0
2026-05-22 12:25:00+05:30,204.4,204.5,204.2,204.28,260157,0
2026-05-22 12:30:00+05:30,204.28,204.39,203.8,204.21,383405,0
2026-05-22 12:35:00+05:30,204.21,204.3,204.01,204.3,256490,0
2026-05-22 12:40:00+05:30,204.3,204.5,204.11,204.14,191955,0
2026-05-22 12:45:00+05:30,204.21,204.48,204.18,204.37,187762,0
2026-05-22 12:50:00+05:30,204.4,204.99,204.33,204.95,409473,0
2026-05-22 12:55:00+05:30,204.93,204.97,204.6,204.86,332139,0
2026-05-22 13:00:00+05:30,204.87,204.98,204.72,204.85,207991,0
2026-05-22 13:05:00+05:30,204.85,204.99,204.58,204.97,293038,0
2026-05-22 13:10:00+05:30,204.98,205.3,204.93,205.2,791920,0
2026-05-22 13:15:00+05:30,205.24,205.4,205.0,205.1,477502,0
2026-05-22 13:20:00+05:30,205.1,205.25,204.84,204.96,330610,0
2026-05-22 13:25:00+05:30,204.96,205.0,204.8,204.93,298282,0
2026-05-22 13:30:00+05:30,204.95,205.0,204.71,205.0,176067,0
2026-05-22 13:35:00+05:30,205.0,205.11,204.91,205.0,272556,0
2026-05-22 13:40:00+05:30,205.07,205.29,204.91,205.2,296896,0
2026-05-22 13:45:00+05:30,205.2,205.39,205.11,205.18,243727,0
2026-05-22 13:50:00+05:30,205.12,205.3,205.12,205.23,244839,0
2026-05-22 13:55:00+05:30,205.23,205.25,204.75,204.84,579976,0
2026-05-22 14:00:00+05:30,204.84,204.95,204.4,204.62,440176,0
2026-05-22 14:05:00+05:30,204.62,205.0,204.4,204.8,561987,0
2026-05-22 14:10:00+05:30,204.8,204.95,204.41,204.41,1009221,0
2026-05-22 14:15:00+05:30,204.41,204.5,204.2,204.35,291777,0
2026-05-22 14:20:00+05:30,204.36,204.72,204.31,204.51,271781,0
2026-05-22 14:25:00+05:30,204.58,204.77,204.5,204.52,201304,0
2026-05-22 14:30:00+05:30,204.52,204.84,204.31,204.34,1110938,0
2026-05-22 14:35:00+05:30,204.31,204.37,203.9,203.99,744585,0
2026-05-22 14:40:00+05:30,204.0,204.1,203.63,203.74,601699,0
2026-05-22 14:45:00+05:30,203.75,203.96,203.6,203.66,563056,0
2026-05-22 14:50:00+05:30,203.67,204.01,203.4,203.4,677390,0
2026-05-22 14:55:00+05:30,203.46,203.6,203.12,203.2,582395,0
2026-05-22 15:00:00+05:30,203.2,203.4,202.9,203.12,1762709,0
2026-05-22 15:05:00+05:30,203.12,203.59,202.95,203.55,701422,0
2026-05-22 15:10:00+05:30,203.5,203.58,203.02,203.05,956026,0
2026-05-22 15:15:00+05:30,203.06,203.14,202.9,203.0,833496,0
2026-05-22 15:20:00+05:30,203.0,203.33,202.98,203.0,1236504,0
2026-05-22 15:25:00+05:30,203.0,203.35,202.95,202.97,1373079,0
2026-05-25 09:15:00+05:30,207.0,207.0,204.06,204.99,2950965,0
2026-05-25 09:20:00+05:30,205.0,205.27,204.61,205.24,862112,0
2026-05-25 09:25:00+05:30,205.24,205.99,205.16,205.45,857568,0
2026-05-25 09:30:00+05:30,205.53,205.69,204.8,204.94,1532484,0
2026-05-25 09:35:00+05:30,204.95,205.25,204.56,205.14,662725,0
2026-05-25 09:40:00+05:30,205.14,205.69,205.02,205.28,638307,0
2026-05-25 09:45:00+05:30,205.28,205.64,205.1,205.23,595466,0
2026-05-25 09:50:00+05:30,205.23,205.35,204.27,204.65,1003974,0
2026-05-25 09:55:00+05:30,204.65,205.0,204.28,204.44,912317,0
2026-05-25 10:00:00+05:30,204.46,205.11,204.43,204.85,500399,0
2026-05-25 10:05:00+05:30,204.87,205.0,204.59,204.78,678307,0
2026-05-25 10:10:00+05:30,204.78,205.35,204.71,205.0,592387,0
2026-05-25 10:15:00+05:30,205.0,205.85,204.98,205.51,778177,0
2026-05-25 10:20:00+05:30,205.59,207.0,205.45,205.99,1497731,0
2026-05-25 10:25:00+05:30,205.99,206.29,205.76,206.02,606013,0
2026-05-25 10:30:00+05:30,206.03,206.42,205.96,206.21,563677,0
2026-05-25 10:35:00+05:30,206.21,206.9,206.12,206.65,855582,0
2026-05-25 10:40:00+05:30,206.65,207.1,206.42,206.75,1390466,0
2026-05-25 10:45:00+05:30,206.76,207.3,206.72,206.78,1117707,0
2026-05-25 10:50:00+05:30,206.87,207.0,206.36,206.92,1194360,0
2026-05-25 10:55:00+05:30,207.0,208.0,206.92,207.6,1838170,0
2026-05-25 11:00:00+05:30,207.6,208.31,207.49,208.28,1724057,0
2026-05-25 11:05:00+05:30,208.28,208.45,207.71,207.99,1517882,0
2026-05-25 11:10:00+05:30,207.99,208.3,207.81,207.9,1004079,0
2026-05-25 11:15:00+05:30,207.95,207.96,207.4,207.48,870501,0
2026-05-25 11:20:00+05:30,207.47,207.66,207.01,207.18,657885,0
2026-05-25 11:25:00+05:30,207.19,207.75,207.11,207.5,605209,0
2026-05-25 11:30:00+05:30,207.54,207.58,207.21,207.33,499648,0
2026-05-25 11:35:00+05:30,207.33,208.38,207.25,208.0,1083124,0
2026-05-25 11:40:00+05:30,208.05,208.15,207.73,207.9,586749,0
2026-05-25 11:45:00+05:30,207.92,208.19,207.9,208.05,561751,0
2026-05-25 11:50:00+05:30,208.05,208.5,208.0,208.42,1162354,0
2026-05-25 11:55:00+05:30,208.45,208.88,208.42,208.77,1363795,0
2026-05-25 12:00:00+05:30,208.78,209.0,208.74,208.85,1125903,0
2026-05-25 12:05:00+05:30,208.9,209.4,208.68,209.12,1431279,0
2026-05-25 12:10:00+05:30,209.15,209.4,209.06,209.35,1040821,0
2026-05-25 12:15:00+05:30,209.37,209.47,208.94,209.39,984632,0
2026-05-25 12:20:00+05:30,209.4,209.55,209.24,209.37,1091538,0
2026-05-25 12:25:00+05:30,209.37,209.45,208.37,208.5,1232693,0
2026-05-25 12:30:00+05:30,208.54,208.54,207.25,207.35,1705142,0
2026-05-25 12:35:00+05:30,207.35,207.82,207.31,207.7,800644,0
2026-05-25 12:40:00+05:30,207.69,207.89,207.51,207.64,864618,0
2026-05-25 12:45:00+05:30,207.61,207.64,207.15,207.3,557656,0
2026-05-25 12:50:00+05:30,207.32,207.37,207.03,207.2,785271,0
2026-05-25 12:55:00+05:30,207.2,207.82,207.18,207.65,838907,0
2026-05-25 13:00:00+05:30,207.65,208.2,207.6,208.0,1554915,0
2026-05-25 13:05:00+05:30,208.05,208.3,207.87,208.1,829589,0
2026-05-25 13:10:00+05:30,208.1,208.26,207.8,207.85,740943,0
2026-05-25 13:15:00+05:30,207.94,208.21,207.83,208.1,972513,0
2026-05-25 13:20:00+05:30,208.1,208.5,208.03,208.37,1768338,0
2026-05-25 13:25:00+05:30,208.37,208.76,208.33,208.49,1235961,0
2026-05-25 13:30:00+05:30,208.49,209.1,208.34,209.0,1275027,0
2026-05-25 13:35:00+05:30,209.08,209.1,208.64,208.84,882631,0
2026-05-25 13:40:00+05:30,208.84,208.96,208.26,208.36,876252,0
2026-05-25 13:45:00+05:30,208.4,208.68,208.18,208.45,437935,0
2026-05-25 13:50:00+05:30,208.44,208.82,208.42,208.7,486836,0
2026-05-25 13:55:00+05:30,208.7,208.74,208.4,208.6,386493,0
2026-05-25 14:00:00+05:30,208.6,208.68,208.4,208.52,452168,0
2026-05-25 14:05:00+05:30,208.52,208.72,208.32,208.45,793206,0
2026-05-25 14:10:00+05:30,208.45,208.84,208.4,208.59,350276,0
2026-05-25 14:15:00+05:30,208.65,208.7,208.4,208.46,566767,0
2026-05-25 14:20:00+05:30,208.5,208.65,208.31,208.5,786988,0
2026-05-25 14:25:00+05:30,208.59,208.8,208.34,208.59,585658,0
2026-05-25 14:30:00+05:30,208.59,208.69,208.31,208.55,318022,0
2026-05-25 14:35:00+05:30,208.59,208.75,208.55,208.69,589882,0
2026-05-25 14:40:00+05:30,208.7,208.74,208.15,208.25,511316,0
2026-05-25 14:45:00+05:30,208.33,208.35,207.7,207.73,647384,0
2026-05-25 14:50:00+05:30,207.75,207.9,207.7,207.71,388659,0
2026-05-25 14:55:00+05:30,207.75,207.85,207.61,207.61,1126348,0
2026-05-25 15:00:00+05:30,207.65,207.8,207.39,207.47,925923,0
2026-05-25 15:05:00+05:30,207.47,207.62,207.25,207.45,856055,0
2026-05-25 15:10:00+05:30,207.5,207.51,206.88,206.91,1199729,0
2026-05-25 15:15:00+05:30,206.92,207.0,206.71,206.8,961116,0
2026-05-25 15:20:00+05:30,206.8,207.07,206.61,206.64,1456360,0
2026-05-25 15:25:00+05:30,206.63,206.74,205.86,206.0,2330634,0
2026-05-26 09:15:00+05:30,206.99,207.99,206.16,207.96,2543911,0
2026-05-26 09:20:00+05:30,207.95,207.96,207.6,207.95,1059417,0
2026-05-26 09:25:00+05:30,207.95,208.07,207.54,207.69,827115,0
2026-05-26 09:30:00+05:30,207.67,208.69,207.62,208.25,889813,0
2026-05-26 09:35:00+05:30,208.2,208.25,207.8,207.89,981522,0
2026-05-26 09:40:00+05:30,207.9,207.9,207.59,207.85,452627,0
2026-05-26 09:45:00+05:30,207.85,207.99,207.3,207.47,591749,0
2026-05-26 09:50:00+05:30,207.47,207.72,207.28,207.64,472982,0
2026-05-26 09:55:00+05:30,207.62,207.62,207.28,207.5,283598,0
2026-05-26 10:00:00+05:30,207.5,207.75,207.38,207.43,271149,0
2026-05-26 10:05:00+05:30,207.43,207.62,207.42,207.56,361889,0
2026-05-26 10:10:00+05:30,207.6,207.64,207.09,207.56,545746,0
2026-05-26 10:15:00+05:30,207.52,207.6,207.28,207.37,304389,0
2026-05-26 10:20:00+05:30,207.34,207.6,207.3,207.42,377117,0
2026-05-26 10:25:00+05:30,207.41,207.62,207.2,207.49,429330,0
2026-05-26 10:30:00+05:30,207.5,207.5,207.23,207.45,161047,0
2026-05-26 10:35:00+05:30,207.45,207.5,207.24,207.41,168269,0
2026-05-26 10:40:00+05:30,207.48,207.99,207.41,207.76,285089,0
2026-05-26 10:45:00+05:30,207.76,207.76,207.56,207.59,140348,0
2026-05-26 10:50:00+05:30,207.66,207.7,207.3,207.45,322590,0
2026-05-26 10:55:00+05:30,207.45,207.76,207.4,207.58,301157,0
2026-05-26 11:00:00+05:30,207.58,207.67,207.45,207.48,186579,0
2026-05-26 11:05:00+05:30,207.43,207.6,207.4,207.53,171809,0
2026-05-26 11:10:00+05:30,207.53,207.66,207.4,207.49,173492,0
2026-05-26 11:15:00+05:30,207.49,207.65,207.42,207.61,186399,0
2026-05-26 11:20:00+05:30,207.61,207.64,207.11,207.16,588594,0
2026-05-26 11:25:00+05:30,207.25,207.34,207.12,207.17,352849,0
2026-05-26 11:30:00+05:30,207.17,207.54,207.0,207.39,582288,0
2026-05-26 11:35:00+05:30,207.39,207.52,207.07,207.16,449113,0
2026-05-26 11:40:00+05:30,207.16,207.6,207.06,207.21,498844,0
2026-05-26 11:45:00+05:30,207.29,207.38,207.12,207.2,200657,0
2026-05-26 11:50:00+05:30,207.2,207.34,207.12,207.2,457571,0
2026-05-26 11:55:00+05:30,207.27,207.39,207.0,207.08,596753,0
2026-05-26 12:00:00+05:30,207.08,207.25,206.94,207.07,605091,0
2026-05-26 12:05:00+05:30,207.09,207.2,207.0,207.03,283123,0
2026-05-26 12:10:00+05:30,207.03,207.19,207.0,207.13,922760,0
2026-05-26 12:15:00+05:30,207.03,207.25,207.01,207.1,441657,0
2026-05-26 12:20:00+05:30,207.08,207.21,207.07,207.11,538241,0
2026-05-26 12:25:00+05:30,207.11,207.23,207.07,207.09,510176,0
2026-05-26 12:30:00+05:30,207.09,207.61,207.08,207.25,469781,0
2026-05-26 12:35:00+05:30,207.22,207.3,207.03,207.1,159886,0
2026-05-26 12:40:00+05:30,207.14,207.2,207.03,207.06,265806,0
2026-05-26 12:45:00+05:30,207.06,207.19,206.88,206.99,751904,0
2026-05-26 12:50:00+05:30,206.99,207.08,206.81,206.94,741666,0
2026-05-26 12:55:00+05:30,207.0,207.09,206.9,206.95,637980,0
2026-05-26 13:00:00+05:30,206.96,207.12,206.76,206.89,311899,0
2026-05-26 13:05:00+05:30,206.9,207.0,206.7,206.75,414793,0
2026-05-26 13:10:00+05:30,206.73,206.94,206.71,206.84,496102,0
2026-05-26 13:15:00+05:30,206.84,206.94,206.71,206.84,1114561,0
2026-05-26 13:20:00+05:30,206.84,206.92,206.71,206.81,410524,0
2026-05-26 13:25:00+05:30,206.81,206.84,206.51,206.7,297066,0
2026-05-26 13:30:00+05:30,206.74,206.81,206.64,206.64,167255,0
2026-05-26 13:35:00+05:30,206.65,206.73,206.54,206.58,161429,0
2026-05-26 13:40:00+05:30,206.58,206.6,206.42,206.51,275051,0
2026-05-26 13:45:00+05:30,206.52,206.57,206.1,206.11,304414,0
2026-05-26 13:50:00+05:30,206.2,206.2,205.85,205.99,562312,0
2026-05-26 13:55:00+05:30,205.99,206.05,205.92,205.97,169064,0
2026-05-26 14:00:00+05:30,205.99,206.07,205.27,205.35,667832,0
2026-05-26 14:05:00+05:30,205.35,205.83,205.1,205.5,673816,0
2026-05-26 14:10:00+05:30,205.5,205.63,205.15,205.21,414206,0
2026-05-26 14:15:00+05:30,205.26,205.32,204.82,204.93,1042870,0
2026-05-26 14:20:00+05:30,204.93,205.29,204.81,205.11,444799,0
2026-05-26 14:25:00+05:30,205.08,205.16,204.64,204.8,805792,0
2026-05-26 14:30:00+05:30,204.8,204.96,204.6,204.64,818659,0
2026-05-26 14:35:00+05:30,204.64,204.88,204.5,204.87,299718,0
2026-05-26 14:40:00+05:30,204.87,204.9,204.12,204.53,1397362,0
2026-05-26 14:45:00+05:30,204.54,204.56,204.1,204.19,648690,0
2026-05-26 14:50:00+05:30,204.18,204.58,204.11,204.31,939975,0
2026-05-26 14:55:00+05:30,204.37,204.57,204.21,204.43,646649,0
2026-05-26 15:00:00+05:30,204.41,204.5,204.1,204.15,755282,0
2026-05-26 15:05:00+05:30,204.15,204.42,204.0,204.01,1225147,0
2026-05-26 15:10:00+05:30,204.01,204.03,203.65,203.84,1570540,0
2026-05-26 15:15:00+05:30,203.84,203.93,203.7,203.8,1008767,0
2026-05-26 15:20:00+05:30,203.8,203.83,203.5,203.55,2038935,0
2026-05-26 15:25:00+05:30,203.5,203.88,202.94,203.49,3765901,0
2026-05-27 09:15:00+05:30,203.85,204.19,202.54,202.7,1528966,0
2026-05-27 09:20:00+05:30,202.62,202.84,201.8,201.99,965971,0
2026-05-27 09:25:00+05:30,201.99,202.12,201.76,201.88,603655,0
2026-05-27 09:30:00+05:30,201.82,202.94,201.81,202.76,547552,0
2026-05-27 09:35:00+05:30,202.8,203.43,202.55,203.23,547759,0
2026-05-27 09:40:00+05:30,203.3,203.68,203.2,203.59,444498,0
2026-05-27 09:45:00+05:30,203.63,203.63,202.6,202.82,588976,0
2026-05-27 09:50:00+05:30,202.9,203.1,202.7,203.0,303174,0
2026-05-27 09:55:00+05:30,202.99,203.2,202.83,203.11,227060,0
2026-05-27 10:00:00+05:30,203.11,203.29,202.93,203.24,197613,0
2026-05-27 10:05:00+05:30,203.28,203.76,203.26,203.48,387478,0
2026-05-27 10:10:00+05:30,203.41,203.68,203.34,203.55,174647,0
2026-05-27 10:15:00+05:30,203.55,204.38,203.53,204.11,512516,0
2026-05-27 10:20:00+05:30,204.15,204.2,203.8,203.85,279433,0
2026-05-27 10:25:00+05:30,203.9,204.37,203.66,204.34,329904,0
2026-05-27 10:30:00+05:30,204.32,204.85,204.23,204.79,343238,0
2026-05-27 10:35:00+05:30,204.79,205.0,204.58,204.94,303315,0
2026-05-27 10:40:00+05:30,204.91,204.97,204.76,204.83,100987,0
2026-05-27 10:45:00+05:30,204.83,204.88,204.56,204.83,343629,0
2026-05-27 10:50:00+05:30,204.83,205.23,204.7,205.2,348982,0
2026-05-27 10:55:00+05:30,205.23,205.45,205.1,205.1,229968,0
2026-05-27 11:00:00+05:30,205.15,205.44,204.94,205.44,288718,0
2026-05-27 11:05:00+05:30,205.44,205.99,205.35,205.68,489380,0
2026-05-27 11:10:00+05:30,205.69,205.71,205.31,205.38,256964,0
2026-05-27 11:15:00+05:30,205.43,205.47,204.75,204.75,313805,0
2026-05-27 11:20:00+05:30,204.8,204.83,204.01,204.12,375579,0
2026-05-27 11:25:00+05:30,204.12,204.29,204.0,204.06,363413,0
2026-05-27 11:30:00+05:30,204.12,204.12,202.8,202.89,875223,0
2026-05-27 11:35:00+05:30,202.85,203.07,202.55,203.07,548716,0
2026-05-27 11:40:00+05:30,203.0,203.45,202.91,203.35,319229,0
2026-05-27 11:45:00+05:30,203.42,203.68,203.37,203.6,210012,0
2026-05-27 11:50:00+05:30,203.65,203.97,203.58,203.82,199126,0
2026-05-27 11:55:00+05:30,203.82,203.85,203.5,203.67,176922,0
2026-05-27 12:00:00+05:30,203.67,203.68,203.02,203.07,307718,0
2026-05-27 12:05:00+05:30,203.07,203.27,202.9,203.0,327404,0
2026-05-27 12:10:00+05:30,203.0,203.01,202.9,203.0,137568,0
2026-05-27 12:15:00+05:30,202.97,203.0,202.14,202.27,1086431,0
2026-05-27 12:20:00+05:30,202.34,202.62,202.01,202.59,414124,0
2026-05-27 12:25:00+05:30,202.59,202.94,202.32,202.48,305318,0
2026-05-27 12:30:00+05:30,202.52,202.52,201.9,202.0,681596,0
2026-05-27 12:35:00+05:30,201.91,202.09,201.85,201.92,392239,0
2026-05-27 12:40:00+05:30,201.92,202.0,201.87,202.0,318448,0
2026-05-27 12:45:00+05:30,201.96,202.0,201.9,201.97,271175,0
2026-05-27 12:50:00+05:30,201.97,202.0,201.3,201.32,770535,0
2026-05-27 12:55:00+05:30,201.32,201.34,201.1,201.11,665321,0
2026-05-27 13:00:00+05:30,201.11,201.36,201.01,201.16,865507,0
2026-05-27 13:05:00+05:30,201.16,201.85,201.03,201.79,670862,0
2026-05-27 13:10:00+05:30,201.79,202.0,201.5,201.64,533689,0
2026-05-27 13:15:00+05:30,201.64,201.74,201.11,201.11,434288,0
2026-05-27 13:20:00+05:30,201.12,201.22,201.0,201.17,753876,0
2026-05-27 13:25:00+05:30,201.17,201.19,200.81,200.93,1341468,0
2026-05-27 13:30:00+05:30,200.93,201.95,200.76,201.84,666456,0
2026-05-27 13:35:00+05:30,201.84,202.16,201.8,201.9,337909,0
2026-05-27 13:40:00+05:30,201.92,201.99,201.28,201.31,370549,0
2026-05-27 13:45:00+05:30,201.31,201.38,200.9,201.27,829019,0
2026-05-27 13:50:00+05:30,201.31,201.9,201.21,201.77,289460,0
2026-05-27 13:55:00+05:30,201.77,201.99,201.66,201.9,180853,0
2026-05-27 14:00:00+05:30,201.9,201.97,201.74,201.97,121015,0
2026-05-27 14:05:00+05:30,201.97,202.0,201.65,201.78,259895,0
2026-05-27 14:10:00+05:30,201.78,201.85,201.0,201.01,929170,0
2026-05-27 14:15:00+05:30,201.01,201.23,200.87,200.99,975774,0
2026-05-27 14:20:00+05:30,200.99,201.8,200.8,201.75,820335,0
2026-05-27 14:25:00+05:30,201.77,201.9,201.6,201.7,284893,0
2026-05-27 14:30:00+05:30,201.7,201.95,201.7,201.8,194505,0
2026-05-27 14:35:00+05:30,201.88,201.89,200.8,200.96,1406054,0
2026-05-27 14:40:00+05:30,200.94,201.41,200.5,201.28,872951,0
2026-05-27 14:45:00+05:30,201.28,201.55,201.21,201.47,253052,0
2026-05-27 14:50:00+05:30,201.51,201.69,200.2,200.79,1624124,0
2026-05-27 14:55:00+05:30,200.79,201.37,200.68,201.33,556124,0
2026-05-27 15:00:00+05:30,201.25,201.72,201.25,201.56,574931,0
2026-05-27 15:05:00+05:30,201.61,201.67,201.18,201.44,940535,0
2026-05-27 15:10:00+05:30,201.46,201.84,201.42,201.84,399085,0
2026-05-27 15:15:00+05:30,201.78,201.97,201.2,201.72,1151176,0
2026-05-27 15:20:00+05:30,201.72,201.89,201.55,201.75,472845,0
2026-05-27 15:25:00+05:30,201.72,201.97,201.5,201.7,944249,0
2026-05-29 09:15:00+05:30,211.0,211.0,208.1,208.8,12635607,0
2026-05-29 09:20:00+05:30,208.8,209.3,207.53,208.45,4509237,0
2026-05-29 09:25:00+05:30,208.5,208.55,205.37,205.58,4943674,0
2026-05-29 09:30:00+05:30,205.58,205.72,204.8,205.05,3390193,0
2026-05-29 09:35:00+05:30,205.06,205.98,204.64,205.61,2411337,0
2026-05-29 09:40:00+05:30,205.62,206.14,205.5,205.6,1427289,0
2026-05-29 09:45:00+05:30,205.58,206.37,205.34,205.99,1617646,0
2026-05-29 09:50:00+05:30,205.99,206.35,205.7,206.33,1133962,0
2026-05-29 09:55:00+05:30,206.32,206.7,206.03,206.18,1039984,0
2026-05-29 10:00:00+05:30,206.11,206.9,206.09,206.75,1165703,0
2026-05-29 10:05:00+05:30,206.76,206.82,206.15,206.28,632421,0
2026-05-29 10:10:00+05:30,206.28,206.4,205.86,206.1,894174,0
2026-05-29 10:15:00+05:30,206.1,206.34,205.96,206.29,649784,0
2026-05-29 10:20:00+05:30,206.29,206.54,206.16,206.5,370913,0
2026-05-29 10:25:00+05:30,206.49,206.52,206.1,206.19,436667,0
2026-05-29 10:30:00+05:30,206.15,206.65,206.15,206.5,630985,0
2026-05-29 10:35:00+05:30,206.52,206.7,206.36,206.42,390987,0
2026-05-29 10:40:00+05:30,206.49,206.58,206.21,206.49,348615,0
2026-05-29 10:45:00+05:30,206.49,206.49,205.81,206.09,659358,0
2026-05-29 10:50:00+05:30,206.09,206.09,205.81,205.85,299974,0
2026-05-29 10:55:00+05:30,205.81,206.0,205.8,206.0,252513,0
2026-05-29 11:00:00+05:30,205.97,206.19,205.9,205.95,250072,0
2026-05-29 11:05:00+05:30,205.93,205.95,205.67,205.82,546084,0
2026-05-29 11:10:00+05:30,205.82,205.87,205.55,205.6,341669,0
2026-05-29 11:15:00+05:30,205.6,205.99,205.5,205.9,667446,0
2026-05-29 11:20:00+05:30,205.95,205.97,205.65,205.89,254665,0
2026-05-29 11:25:00+05:30,205.89,205.89,205.61,205.69,252129,0
2026-05-29 11:30:00+05:30,205.68,205.68,205.28,205.4,539607,0
2026-05-29 11:35:00+05:30,205.43,205.5,205.25,205.29,319572,0
2026-05-29 11:40:00+05:30,205.3,205.35,204.7,204.98,1361637,0
2026-05-29 11:45:00+05:30,204.98,205.0,204.51,204.63,657847,0
2026-05-29 11:50:00+05:30,204.69,205.17,204.55,205.0,463381,0
2026-05-29 11:55:00+05:30,205.0,205.12,204.9,205.03,463980,0
2026-05-29 12:00:00+05:30,205.01,205.08,204.8,204.83,318502,0
2026-05-29 12:05:00+05:30,204.9,204.95,204.8,204.83,311497,0
2026-05-29 12:10:00+05:30,204.83,205.03,204.8,204.99,456626,0
2026-05-29 12:15:00+05:30,204.99,205.0,204.4,204.7,626630,0
2026-05-29 12:20:00+05:30,204.69,204.95,204.63,204.92,276759,0
2026-05-29 12:25:00+05:30,204.94,205.05,204.85,205.0,263465,0
2026-05-29 12:30:00+05:30,205.0,205.0,204.8,204.95,183069,0
2026-05-29 12:35:00+05:30,204.95,204.99,204.82,204.9,179789,0
2026-05-29 12:40:00+05:30,204.95,205.0,204.85,204.85,204251,0
2026-05-29 12:45:00+05:30,204.9,204.95,204.7,204.78,239528,0
2026-05-29 12:50:00+05:30,204.7,204.8,204.51,204.57,227466,0
2026-05-29 12:55:00+05:30,204.51,204.57,204.23,204.23,535161,0
2026-05-29 13:00:00+05:30,204.21,204.48,204.12,204.33,772464,0
2026-05-29 13:05:00+05:30,204.41,204.41,204.15,204.2,218568,0
2026-05-29 13:10:00+05:30,204.16,204.3,203.87,204.29,791633,0
2026-05-29 13:15:00+05:30,204.21,204.5,204.21,204.4,276168,0
2026-05-29 13:20:00+05:30,204.4,204.74,204.3,204.7,385294,0
2026-05-29 13:25:00+05:30,204.7,204.95,204.68,204.86,295723,0
2026-05-29 13:30:00+05:30,204.86,204.98,204.79,204.91,254272,0
2026-05-29 13:35:00+05:30,204.91,205.44,204.9,205.38,429074,0
2026-05-29 13:40:00+05:30,205.36,205.6,205.15,205.19,513158,0
2026-05-29 13:45:00+05:30,205.25,205.25,204.9,204.94,335277,0
2026-05-29 13:50:00+05:30,204.9,204.96,204.8,204.86,160816,0
2026-05-29 13:55:00+05:30,204.86,205.0,204.81,205.0,153546,0
2026-05-29 14:00:00+05:30,205.0,205.0,204.91,204.95,217924,0
2026-05-29 14:05:00+05:30,204.95,205.19,204.9,205.08,298851,0
2026-05-29 14:10:00+05:30,205.13,205.22,205.05,205.15,236631,0
2026-05-29 14:15:00+05:30,205.18,205.65,205.1,205.5,487959,0
2026-05-29 14:20:00+05:30,205.5,205.65,205.49,205.6,350584,0
2026-05-29 14:25:00+05:30,205.64,205.65,205.5,205.62,285240,0
2026-05-29 14:30:00+05:30,205.62,205.8,205.57,205.75,453046,0
2026-05-29 14:35:00+05:30,205.74,205.85,205.5,205.59,510041,0
2026-05-29 14:40:00+05:30,205.58,205.95,205.5,205.69,481001,0
2026-05-29 14:45:00+05:30,205.63,205.77,205.5,205.77,418561,0
2026-05-29 14:50:00+05:30,205.78,206.2,205.77,206.05,1002628,0
2026-05-29 14:55:00+05:30,206.14,206.2,205.67,205.75,688892,0
2026-05-29 15:00:00+05:30,205.75,205.75,204.27,204.35,5170137,0
2026-05-29 15:05:00+05:30,204.34,204.61,203.8,203.8,3383544,0
2026-05-29 15:10:00+05:30,203.87,204.04,203.65,203.97,3568315,0
2026-05-29 15:15:00+05:30,203.97,204.38,203.95,204.22,3564441,0
2026-05-29 15:20:00+05:30,204.12,204.23,203.72,203.81,3709124,0
2026-05-29 15:25:00+05:30,203.75,204.5,203.7,204.1,3472860,0
